一个女孩,1girl
一个男孩,1boy
1个男性,1boy
1个女性,1girl
单格漫画,1koma
1个非人类,1other
2个男性,2boys
2个女性,2girls
双分镜漫画,2koma
2个非人类,2others
3个男性,3boys
3D,3d
3个女性,3girls
三格漫画,3koma
4个男性,4boys
4个女性,4girls
四格漫画,4koma
5个男性,5boys
5个女性,5girls
五格漫画,5koma
6个以上的男性,6+boys
6个以上的女性,6+girls
初音未来,39
69(体位),69
20世纪70年代(风格),1970s_(style)
20世纪80年代(风格),1980s_(style)
90年代(风格),1990s_(style)
腹肌,abs
大合影|全家福,absolutely_everyone
抽象,abstract
抽象背景,abstract_background
超长的头发,absurdly_long_hair
虐待,abuse
原声吉他,acoustic_guitar
亚克力画风,acrylic_paint_(medium)
原设服装改编,adapted_costume
改装制服,adapted_uniform
拨弄衣服,adjusting_clothes
扶眼镜,adjusting_eyewear
拨弄手套,adjusting_gloves
理头发,adjusting_hair
整理帽子,adjusting_hat
整理头饰,adjusting_headwear
整理裤袜,adjusting_legwear
拨内裤,adjusting_panties
拨弄泳衣,adjusting_swimsuit
空中烟火,aerial_fireworks
原初之火(武器),aestus_estus
漂浮,afloat
鸟窝头|爆炸头,afro
肛交后,after_anal
口交后,after_fellatio
接吻后,after_kiss
乳交后,after_paizuri
事后,after_sex
事后阴道特写,after_vaginal
事后余韵,afterglow
残像,afterimage
压在玻璃上,against_glass
压在墙上,against_wall
年龄差,age_difference
年龄段展现,age_progression
幼化,age_regression
阿嘿颜,ahegao
呆毛,ahoge
绶带,aiguillette
瞄准,aiming
瞄准了读者(的视角),aiming_at_viewer
阿伊努人的服饰,ainu_clothes
气泡,air_bubble
空调,air_conditioner
飞行器,aircraft
飞机,airplane
飞艇,airship
笠帽,ajirogasa
拉下眼睑的鬼脸,akanbe
新年伊始,akeome
闹钟,alarm_clock
白化病,albino
专辑封面,album_cover
酒,alcohol
外星人,alien
母豹pose,all_fours
小巷,alley
阿罗拉形态(宝可梦),alolan_form
阿尔法签名(推特用),alpha_signature
阿尔卑斯风格,alphes_(style)
贫乳化|爆乳化,alternate_breast_size
异色,alternate_color
角色换装,alternate_costume
异瞳,alternate_eye_color
形态变化,alternate_form
发色变化,alternate_hair_color
头发长度变化,alternate_hair_length
发型变化,alternate_hairstyle
头饰变化,alternate_headwear
腿部穿着变化,alternate_legwear
肤色变化,alternate_skin_color
武器变化,alternate_weapon
不同的翅膀,alternate_wings
性别暧昧,ambiguous_gender
美国,america
星条旗,american_flag
星条旗比基尼,american_flag_bikini
弹药,ammunition
弹药带,ammunition_belt
放大器(音响),amplifier_(instrument)
欠损|独脚|肢体残缺|欠损少女,amputee
护身符,amulet
肛门|肛交|着衣肛交|骑乘位肛交,anal
肛珠,anal_beads
手指刺激肛门,anal_fingering
肛毛,anal_hair
肛门物体插入,anal_object_insertion
肛尾,anal_tail
锚,anchor
锚形项圈,anchor_choker
锚形发饰,anchor_hair_ornament
锚形印花,anchor_print
锚形符号,anchor_symbol
可男可女,androgynous
人造人,android
天使,angel
天使与恶魔,angel_and_devil
天使的翅膀,angel_wings
青筋,anger_vein
鮟鱇,anglerfish
安哥拉兔,angora_rabbit
发怒,angry
舔肛门,anilingus
动物,animal
动物系装扮,animal_costume
耳绒毛,animal_ear_fluff
兽耳,animal_ears
以动物为焦点,animal_focus
动物主题帽饰,animal_hat
兽耳头罩,animal_hood
抱着动物,animal_hug
头上有动物,animal_on_head
膝盖上有动物,animal_on_lap
肩上有动物,animal_on_shoulder
动物印花,animal_print
动物化,animalization
动画上色,anime_coloring
安库(假面骑士OOO),ankh
踝靴,ankle_boots
脚踝系带,ankle_lace-up
踝带,ankle_ribbon
踝袜,ankle_socks
脚踝丝环,ankle_strap
脚踝套,ankle_wrap
脚镯,anklet
纪念日,anniversary
贺图,announcement_celebration
恼怒的,annoyed
呆毛,antenna_hair
触角,antennae
反器材步枪,anti-materiel_rifle
旧式火器,antique_firearm
鹿角,antlers
肛门,anus
吸睛的肛门,anus_peek
安齐奥军服,anzio_military_uniform
安齐奥校服,anzio_school_uniform
苹果,apple
化妆,applying_makeup
愚人节,april_fools
围裙,apron
水蓝色背景,aqua_background
水蓝色蝴蝶结,aqua_bow
水蓝色连衣裙,aqua_dress
水蓝色眼睛,aqua_eyes
水蓝色头发,aqua_hair
水蓝色的裤袜,aqua_legwear
水蓝色指甲,aqua_nails
水蓝色领结,aqua_neckwear
水蓝色内裤,aqua_panties
水蓝色丝带,aqua_ribbon
水蓝色衬衫,aqua_shirt
水蓝色短裙,aqua_skirt
水蓝色,aqua_theme
水族馆,aquarium
AR-15,ar-15
阿拉伯服饰,arabian_clothes
蜘蛛属性,arachne
荒木飞吕彦风,araki_hirohiko_(style)
爱尔兰毛衣,aran_sweater
拱背,arched_back
射箭,archery
建筑,architecture
乳晕走光,areola_slip
乳晕,areolae
菱形花纹,argyle
菱形背景,argyle_background
含菱形花纹的裤子,argyle_legwear
亚利亚公司制服,aria_company_uniform
单手搂着脖子,arm_around_neck
单手搂腰,arm_around_waist
单手垂放,arm_at_side
单手背到身后,arm_behind_back
单手托在脑后,arm_behind_head
臂环,arm_belt
手臂刀刃,arm_blade
手炮,arm_cannon
手臂袜带,arm_garter
抓住手臂,arm_grab
护臂,arm_guards
手臂往后拉,arm_held_back
挽手,arm_hug
手臂丝带,arm_ribbon
手臂支撑动作,arm_support
手臂有纹身,arm_tattoo
托胸,arm_under_breasts
举着手,arm_up
暖袖,arm_warmers
袖套,arm_wrap
腕标,armband
扶手椅,armchair
臂章,armlet
盔甲,armor
装甲靴,armored_boots
战甲裙,armored_dress
腋窝皱褶,armpit_crease
衣服有能露出腋下的开口,armpit_cutout
腋毛,armpit_hair
吸睛的腋窝,armpit_peek
腋下,armpits
双手搂着脖子,arms_around_neck
双手垂放,arms_at_sides
双手背到身后,arms_behind_back
双手抱头,arms_behind_head
双手托胸,arms_under_breasts
举起手,arms_up
军队,army
破面(死神系列),arrancar
箭矢,arrow_(projectile)
箭头,arrow_(symbol)
画笔,art_brush
新艺术,art_nouveau
美术集,artbook
飞机杯,artificial_vagina
作者署名,artist_name
以作者本人为蓝本,artist_self-insert
麻叶纹,asa_no_ha_(pattern)
阿斯科特领巾,ascot
阿什福特学院制服,ashford_academy_uniform
亚洲人,asian
窒息,asphyxiation
屁股,ass
屁股贴屁股,ass-to-ass
露出屁股的服饰,ass_cutout
屁股为焦点,ass_focus
抓着屁股,ass_grab
晃屁股,ass_shake
托着屁股,ass_support
正面可见的屁股,ass_visible_through_thighs
突击步枪,assault_rifle
剥开衣服,assisted_exposure
不对称的刘海,asymmetrical_bangs
不对称的服饰,asymmetrical_clothes
胸部互碰|胸顶着胸,asymmetrical_docking
不对称的手套,asymmetrical_gloves
不对称的发型,asymmetrical_hair
不对称的角,asymmetrical_horns
不对称的裤子,asymmetrical_legwear
不对称的袖子,asymmetrical_sleeves
不对称的翅膀,asymmetrical_wings
体操服,athletic_leotard
攻击,attack
有音乐,audible_music
有人声,audible_speech
观众,audience
灵气,aura
汽车人,autobot
秋天,autumn
秋叶,autumn_leaves
斧头,axe
宝宝,baby
性感女性睡衣,babydoll
后背,back
背面印花的内裤,back-print_panties
袜缝,back-seamed_legwear
背靠背,back-to-back
(服饰)打在背后的结,back_bow
露出部分后背的衣服,back_cutout
背部纹身,back_tattoo
从背后可看到的胸部,backboob
背景文字,background_text
露背连衣裙,backless_dress
露背装,backless_outfit
逆光,backlighting
背包,backpack
卸下的包,backpack_removed
反扣的帽子,backwards_hat
错误的人体结构,bad_anatomy
坏结局,bad_end
脚的画法错误,bad_feet
手的画法错误,bad_hands
错误的(画法)透视,bad_perspective
人体比例不协调,bad_proportions
徽章,badge
包,bag
背包挂件,bag_charm
金鱼水袋,bagged_fish
眼袋,bags_under_eyes
法国面包,baguette
(保持)平衡的姿势,balancing
秃头,bald
球,ball
口球,ball_gag
芭蕾舞女演员,ballerina
芭蕾舞鞋,ballet_slippers
气球,balloon
圆珠笔,ballpoint_pen_(medium)
竹子,bamboo
竹扫帚,bamboo_broom
竹林,bamboo_forest
蒸笼,bamboo_steamer
香蕉,banana
乐队制服,band_uniform
贴有绷带的脸,bandage_on_face
缠着绷带的单眼,bandage_over_one_eye
缠着绷带的手臂,bandaged_arm
缠着绷带的手,bandaged_hands
绑着绷带的头,bandaged_head
绑着绷带的腿,bandaged_leg
绷带,bandages
创可贴,bandaid
手臂上贴着创可贴,bandaid_on_arm
脸上贴着创可贴,bandaid_on_face
额头贴着创可贴,bandaid_on_forehead
膝盖贴着创可贴,bandaid_on_knee
腿上贴着创可贴,bandaid_on_leg
鼻梁上贴着创可贴,bandaid_on_nose
阴部贴着创可贴,bandaid_on_pussy
乳头贴着创可贴,bandaids_on_nipples
头巾,bandana
抹胸比基尼,bandeau
子弹带,bandolier
手镯,bangle
刘海,bangs
掀起的刘海,bangs_pinned_back
包子,baozi
酒吧,bar
黑条打码,bar_censor
大叔,bara
条形码,barcode
条形码纹身,barcode_tattoo
裸臂,bare_arms
裸背,bare_back
裸臀,bare_hips
裸腿,bare_legs
露肩,bare_shoulders
枯木,bare_tree
裸足,barefoot
裸足凉鞋,barefoot_sandals
桶子,barrel
酒保,bartender
棒球,baseball
棒球棍,baseball_bat
棒球帽,baseball_cap
棒球手套,baseball_mitt
棒球服,baseball_uniform
篮子,basket
篮球,basketball
低音符,bass_clef
贝斯,bass_guitar
蝙蝠,bat
蝙蝠耳朵,bat_ears
蝙蝠发饰,bat_hair_ornament
蝙蝠印花,bat_print
蝙蝠翅膀,bat_wings
洗澡,bath
浴凳,bath_stool
浴衣,bath_yukata
入浴,bathing
浴室,bathroom
浴缸,bathtub
指挥棒,baton
战斗|比试|战争|游戏,battle
战斧,battle_axe
战术步枪,battle_rifle
战舰,battleship
刺刀,bayonet
BC自由学园制服,bc_freedom_military_uniform
SM,bdsm
海滩,beach
沙滩椅,beach_chair
沙滩巾,beach_towel
沙滩伞,beach_umbrella
沙滩球,beachball
珠子手链,bead_bracelet
珠子项链,bead_necklace
珠子,beads
光束,beam
激光步枪,beam_rifle
八分音符,beamed_eighth_notes
十六分音符,beamed_sixteenth_notes
无檐帽,beanie
豆,beans
熊,bear
熊耳朵,bear_ears
熊印花头饰,bear_hair_ornament
熊印花内裤,bear_panties
熊印花,bear_print
胡须,beard
招手,beckoning
床,bed
床单,bed_sheet
卧室,bedroom
啤酒,beer
听装啤酒,beer_can
啤酒杯,beer_mug
从后脑戴上的耳机,behind-the-head_headphones
米色背景,beige_background
米色毛衣,beige_sweater
钟|铃,bell
铃铛项圈,bell_choker
腹部,belly
脐链,belly_chain
捏着肚子,belly_grab
皮带|腰带,belt
皮带靴,belt_boots
皮带扣,belt_buckle
皮项圈,belt_collar
腰包,belt_pouch
皮带束胸,beltbra
皮带裙,beltskirt
长凳,bench
弯折的吸管,bendy_straw
弯腰,bent_over
贝雷帽,beret
戴眼镜的,bespectacled
兽交|兽奸|异种奸,bestiality
乳沟里,between_breasts
(突出)指间,between_fingers
(强调)两腿之间,between_legs
(强调)大腿之间,between_thighs
围兜,bib
自行车,bicycle
自行车篮,bicycle_basket
大肚子,big_belly
头发很多的,big_hair
紧身裤,bike_shorts
自行车运动服,biker_clothes
骑行套装,bikesuit
比基尼,bikini
比基尼盔甲,bikini_armor
从三点剥开的比基尼,bikini_aside
比基尼泳裤,bikini_bottom
往上剥开的比基尼,bikini_lift
扯着比基尼,bikini_pull
比基尼裙,bikini_skirt
泳装晒痕,bikini_tan
只穿着比基尼上衣,bikini_top
脱下了比基尼上衣,bikini_top_removed
比基尼当内衣,bikini_under_clothes
双筒望远镜,binoculars
鸟|拟鸟化,bird
手上的鸟,bird_on_hand
头上的鸟,bird_on_head
肩上的鸟,bird_on_shoulder
鸟尾巴,bird_tail
(哔哩哔哩)的电流,biribiri
生日,birthday
生日蛋糕,birthday_cake
胎记,birthmark
双性恋(女性),bisexual_(female)
毘沙门天宝塔,bishamonten's_pagoda
毘沙门天之矛,bishamonten's_spear
主教(国际象棋),bishop_(chess)
美少年,bishounen
勒住嘴,bit_gag
咬痕,bite_mark
咬,biting
琵琶,biwa_lute
黑框眼镜,black-framed_eyewear
黑色围裙,black_apron
黑色盔甲,black_armor
黑色背景,black_background
黑色腰带,black_belt
黑色比基尼,black_bikini
黑色眼罩,black_blindfold
黑色上衣,black_blouse
黑色紧身衣,black_bodysuit
黑色边框,black_border
黑蝴蝶结,black_bow
黑色内衣,black_bra
黑色吊带背心,black_camisole
黑色斗篷,black_cape
黑色披肩,black_capelet
黑色开口衬衫,black_cardigan
黑猫,black_cat
黑色项链,black_choker
黑色外套,black_coat
黑色外套(王国之心),black_coat_(kingdom_hearts)
黑色项圈,black_collar
黑色连衣裙,black_dress
黑色眼睛,black_eyes
黑色羽毛,black_feathers
黑色的花,black_flower
黑色的鞋,black_footwear
黑色手套,black_gloves
黑发,black_hair
黑色发带,black_hairband
黑色的袴,black_hakama
黑色头巾,black_headband
黑色头饰,black_headwear
黑色连帽衫,black_hoodie
黑色的角,black_horns
黑色夹克,black_jacket
黑色和服,black_kimono
黑丝袜,black_legwear
黑色连身衣,black_leotard
黑色指甲,black_nails
黑色领子,black_neckwear
黑色内裤,black_panties
黑色长裤,black_pants
黑色丝带,black_ribbon
黑玫瑰,black_rose
黑色水手领,black_sailor_collar
黑色围巾,black_scarf
黑色巩膜,black_sclera
黑色发束,black_scrunchie
黑色水手服,black_serafuku
黑色衬衫,black_shirt
黑色短裤,black_shorts
黑色皮肤,black_skin
黑色短裙,black_skirt
黑色袖子,black_sleeves
黑色西装,black_suit
黑色毛衣,black_sweater
黑色泳衣,black_swimsuit
黑色尾巴,black_tail
黑色无袖紧身背心,black_tank_top
黑色主题,black_theme
黑色的伞,black_umbrella
黑色背心,black_vest
黑色翅膀,black_wings
剑,blade
无神的双眼,blank_eyes
空话泡泡,blank_speech_bubble
无主的眼神,blank_stare
毯子,blanket
西装夹克,blazer
出血,bleeding
遮眼|眼罩,blindfold
百叶窗,blinds
眨眼睛,blinking
金发,blonde_hair
金色阴毛,blonde_pubic_hair
血,blood
嘴角流血,blood_from_mouth
脸上有血,blood_on_face
溅血,blood_splatter
血迹,blood_stain
衣服沾血,bloody_clothes
血泪,bloody_tears
沾血的武器,bloody_weapon
盛开,bloom
灯笼裤,bloomers
罩衫,blouse
吹,blowing
蓝框眼镜,blue-framed_eyewear
蓝色盔甲,blue_armor
蓝色背景,blue_background
蓝色饰带,blue_belt
蓝色比基尼,blue_bikini
蓝色上衣,blue_blouse
蓝色紧身衣,blue_bodysuit
蓝色蝴蝶结,blue_bow
蓝色胸罩,blue_bra
蓝色短裤,blue_buruma
蓝色的蝴蝶,blue_butterfly
蓝色斗篷,blue_cape
蓝色披肩,blue_capelet
蓝色开襟衫,blue_cardigan
蓝色项圈,blue_choker
蓝色外套,blue_coat
蓝色洋装,blue_dress
蓝眼睛,blue_eyes
蓝色的火焰,blue_fire
蓝色的花,blue_flower
蓝色鞋类,blue_footwear
蓝色手套,blue_gloves
蓝色头发,blue_hair
蓝色发带,blue_hairband
蓝色的袴,blue_hakama
蓝色头巾,blue_headband
蓝色头饰,blue_headwear
蓝色连帽衫,blue_hoodie
蓝色的角,blue_horns
蓝色夹克,blue_jacket
蓝色和服,blue_kimono
蓝色紧身裤,blue_legwear
蓝色连身衣,blue_leotard
蓝色指甲,blue_nails
蓝色的领饰,blue_neckwear
蓝色内裤,blue_panties
蓝色长裤,blue_pants
蓝色丝带,blue_ribbon
蓝玫瑰,blue_rose
蓝色水手领,blue_sailor_collar
蓝色沙滩裙,blue_sarong
蓝色围巾,blue_scarf
蓝色发束,blue_scrunchie
蓝色水手服,blue_serafuku
蓝色衬衫,blue_shirt
蓝色短裤,blue_shorts
蓝色皮肤,blue_skin
蓝色短裙,blue_skirt
蓝天,blue_sky
蓝色袖子,blue_sleeves
蓝色毛衣,blue_sweater
蓝色泳衣,blue_swimsuit
蓝色,blue_theme
蓝色背心,blue_vest
蓝色翅膀,blue_wings
蓝莓,blueberry
直刘海,blunt_bangs
模糊打码,blur_censor
模糊的,blurry
模糊的背景,blurry_background
前景模糊,blurry_foreground
脸红,blush
表情贴纸,blush_stickers
猪,boar
棋盘游戏,board_game
船,boat
波波头,bob_cut
美式短袜,bobby_socks
身体泛红,body_blush
体毛,body_hair
在身上写字,body_writing
人体彩绘,bodypaint
连体裤袜,bodystocking
连体紧身衣,bodysuit
紧身衣裤,bodysuit_under_clothes
焦外成像,bokeh
木剑,bokken
《如今的我们》,bokura_wa_ima_no_naka_de
波洛领带,bolo_tie
栓式枪机,bolt_action
炸弹,bomb
飞行员夹克,bomber_jacket
捆绑play,bondage
束缚服,bondage_outfit
骨头,bone
骨头状饰品,bone_hair_ornament
带骨肉,boned_meat
bonnet女帽,bonnet
书,book
抱着书,book_hug
书堆,book_stack
书包,bookbag
书签,bookmark
书架,bookshelf
长靴,boots
脱下的靴子,boots_removed
边框,border
无聊的,bored
借鉴的角色,borrowed_character
借鉴的设计,borrowed_design
男友的衣服,borrowed_garments
瓶子,bottle
裸下半身,bottomless
乳摇,bouncing_breasts
绑住的,bound
手臂被束缚,bound_arms
腿被束缚,bound_legs
手腕被束缚,bound_wrists
花束,bouquet
蝴蝶结,bow
弦类乐器,bow_(instrument)
弓,bow_(weapon)
带蝴蝶结的比基尼,bow_bikini
带蝴蝶结的胸罩,bow_bra
带蝴蝶结的发带,bow_hairband
带蝴蝶结的裤袜,bow_legwear
带蝴蝶结的内裤,bow_panties
鞠躬,bowing
碗,bowl
锅盖头,bowl_cut
碗状帽子,bowl_hat
领结,bowtie
箱子,box
刻刀,boxcutter
拳击手,boxers
拳套,boxing_gloves
男上体位,boy_on_top
胸罩,bra
掀上去的胸罩,bra_lift
微微露出胸罩,bra_peek
拉下的胸罩,bra_pull
摘下的胸罩,bra_removed
内衣肩带,bra_strap
透过衣服可以看到胸罩,bra_through_clothes
手镯,bracelet
护腕,bracer
三股辫,braid
辫子刘海,braided_bangs
辫式发髻,braided_bun
麻花辫马尾,braided_ponytail
分支,branch
名牌neta,brand_name_imitation
面包,bread
乳房绑缚,breast_bondage
对胸部在意,breast_conscious
乳帘,breast_curtains
胸围歧视,breast_envy
丰胸,breast_expansion
揉胸,breast_grab
抱着胸部,breast_hold
托着胸部,breast_lift
胸垫,breast_padding
乳袋,breast_pocket
戳胸,breast_poke
挤压胸部,breast_press
搁着胸部,breast_rest
胸部走光,breast_slip
洗面奶,breast_smother
从两侧挤胸,breast_squeeze
吸奶,breast_sucking
手放在乳房上方,breast_suppress
胸部纹身,breast_tattoo
露胸的衣服,breastless_clothes
胸甲,breastplate
乳房,breasts
向两侧摊开的乳房,breasts_apart
胸压玻璃,breasts_on_glass
压在头上的乳房,breasts_on_head
露出的乳房,breasts_outside
呼吸,breath
喷火,breathing_fire
砖,brick
砖墙,brick_wall
婚纱手套,bridal_gauntlets
婚纱头纱,bridal_veil
新娘,bride
桥,bridge
公文包,briefcase
男式内裤,briefs
明亮的瞳孔,bright_pupils
破碎的,broken
碎玻璃,broken_glass
断角,broken_horn
破碎的武器,broken_weapon
胸针,brooch
扫帚,broom
骑扫帚,broom_riding
姐弟|兄妹,brother_and_sister
兄弟,brothers
棕色镜框眼镜,brown-framed_eyewear
棕色背景,brown_background
棕色皮带,brown_belt
棕色比基尼,brown_bikini
棕色蝴蝶结,brown_bow
棕色斗篷,brown_cape
棕色开襟衫,brown_cardigan
棕色外套,brown_coat
棕色连衣裙,brown_dress
棕色的眼睛,brown_eyes
棕色鞋类,brown_footwear
棕色手套,brown_gloves
棕色头发,brown_hair
棕色发带,brown_hairband
棕色头饰,brown_headwear
棕色夹克,brown_jacket
棕色和服,brown_kimono
棕色的裤袜,brown_legwear
棕色领饰,brown_neckwear
棕色内裤,brown_panties
棕色长裤,brown_pants
褐色丝带,brown_ribbon
棕色水手领,brown_sailor_collar
棕色围巾,brown_scarf
棕色衬衫,brown_shirt
棕色短裤,brown_shorts
棕色短裙,brown_skirt
棕色毛衣,brown_sweater
棕色主题,brown_theme
棕色马甲,brown_vest
李小龙款连身衣,bruce_lee's_jumpsuit
挫伤,bruise
刷子,brush
刷牙,brushing_teeth
泡泡,bubble
吹泡泡,bubble_blowing
蓬蓬裙,bubble_skirt
珍珠奶茶,bubble_tea
不用手喝珍珠奶茶挑战,bubble_tea_challenge
龅牙,buck_teeth
水桶,bucket
扣,buckle
绷带裹胸,budget_sarashi
建筑,building
射满脸,bukkake
裆部隆起,bulge
子弹,bullet
牛犊式枪械,bullpup
欺负,bullying
发髻盖,bun_cover
手持辫子,bunching_hair
兔子,bunny
兔子服装,bunny_costume
兔耳,bunny_ears
兔娘|兔女郎,bunny_girl
兔子饰品,bunny_hair_ornament
兔耳帽,bunny_hood
兔耳pose,bunny_pose
兔子图案,bunny_print
兔尾巴,bunny_tail
烧伤疤痕,burn_scar
燃烧,burning
烧焦的衣服,burnt_clothes
包不住的巨乳,bursting_breasts
女式灯笼裤,buruma
内裤掰到一边,buruma_aside
褪下一部分的内裤,buruma_pull
公共汽车,bus
公交站,bus_stop
灌木,bush
西装,business_suit
紧身胸衣,bustier
管家,butler
股沟,butt_crack
肛塞,butt_plug
蝴蝶,butterfly
蝴蝶发饰,butterfly_hair_ornament
捕虫网,butterfly_net
蝴蝶印花,butterfly_print
蝴蝶坐,butterfly_sitting
蝴蝶翅膀,butterfly_wings
臀交,buttjob
纽扣徽章,button_badge
纽扣式画法的眼睛,button_eyes
天使的小窗,button_gap
纽扣,buttons
c:,c:
报童帽,cabbie_hat
储藏柜,cabinet
线缆,cable
仙人掌,cactus
咖啡馆,cafe
笼子,cage
蛋糕,cake
蛋糕块,cake_slice
日历,calendar_(medium)
图中有日历,calendar_(object)
毛笔,calligraphy_brush
毛笔(中号),calligraphy_brush_(medium)
摄像机,camcorder
山茶花,camellia
骆驼趾,cameltoe
精彩片段,cameo
照相机,camera
无袖紧身背心,camisole
迷彩,camouflage
缶,can
俺妹元素,can't_be_this_cute
蜡烛,candle
烛台,candlestand
糖果,candy
苹果糖,candy_apple
棒棒糖,candy_cane
杖,cane
炮,cannon
画布,canvas_(object)
披风,cape
披肩,capelet
七分裤,capri_pants
汽车,car
汽车内饰,car_interior
卡片,card
卡片(中号图),card_(medium)
玩牌,card_parody
纸板箱,cardboard_box
开襟衫,cardigan
爱抚睾丸,caressing_testicles
地毯,carpet
胡萝卜,carrot
胡萝卜发饰,carrot_hair_ornament
胡萝卜项链,carrot_necklace
抱起,carrying
肩扛,carrying_over_shoulder
夹在腋下,carrying_under_arm
载货推车,cart
弹夹,cartridge
子弹抛壳,casing_ejection
包扎着绷带,cast
城堡,castle
私服,casual
连体泳衣,casual_one-piece_swimsuit
猫,cat
猫系男子,cat_boy
猫系服装,cat_costume
胸部开口出猫头剪影的服装,cat_cutout
猫之日,cat_day
猫耳式耳机,cat_ear_headphones
猫耳造型内裤,cat_ear_panties
猫耳,cat_ears
猫娘,cat_girl
猫系发饰,cat_hair_ornament
猫耳帽子,cat_hat
猫耳兜帽,cat_hood
猫系内衣,cat_lingerie
头上趴着猫,cat_on_head
猫爪,cat_paws
猫元素印花,cat_print
猫尾巴,cat_tail
逗猫,cat_teaser
标志性台词,catchphrase
履带,caterpillar_tracks
被抓现行,caught
焦散,caustics
警示带,caution_tape
洞穴,cave
光碟,cd
天花板,ceiling
顶灯,ceiling_light
手机,cellphone
手机相片,cellphone_picture
打码的,censored
人马|马娘,centaur
胸口带花边的服装,center_frills
正中间开口的服装,center_opening
子宫口,cervix
锁链,chain
铁网,chain-link_fence
项链,chain_necklace
链锯,chainsaw
椅子,chair
迦勒底制服,chaldea_uniform
粉笔,chalk
黑板,chalkboard
香槟,champagne
香槟杯,champagne_flute
吊灯,chandelier
皮套裤,chaps
用人脸打码,character_censor
角色公仔,character_doll
含角色名,character_name
印着某角色,character_print
角色简介,character_profile
人设表,character_sheet
含该角色的签名,character_signature
强调角色魅力的,charm_(object)
图表,chart
追逐,chasing
聊天框风格,chat_log
出轨,cheating
棋盘曲奇,checkerboard_cookie
方格图案,checkered
方格背景,checkered_background
格子地板,checkered_floor
格子和服,checkered_kimono
格子领口,checkered_neckwear
格子围巾,checkered_scarf
格子衬衫,checkered_shirt
格子裙,checkered_skirt
脸贴脸,cheek-to-cheek
鼓着腮帮,cheek_bulge
捏脸颊,cheek_pinching
戳脸颊,cheek_poking
扯脸颊,cheek_pull
助威,cheering
啦啦队,cheerleader
奶酪,cheese
厨师,chef
厨师帽,chef_hat
厨师工装,chef_uniform
女式无袖宽内衣,chemise
樱花|樱桃,cherry
樱花印花,cherry_blossom_print
樱花,cherry_blossoms
棋子,chess_piece
胸部,chest
胸毛,chest_hair
胸前有宝石,chest_jewel
抽屉,chest_of_drawers
胸部有纹身,chest_tattoo
栗子嘴,chestnut_mouth
口香糖,chewing_gum
知波单学院制服,chi-hatan_military_uniform
迷你角色,chibi
内含Q版形象,chibi_inset
小鸡,chick
鸡,chicken
小孩,child
儿童画作,child_drawing
孩子们,child_on_child
烟囱,chimney
抬下巴,chin_grab
托着下巴,chin_rest
颐革,chin_strap
摸下巴,chin_stroking
中国服饰,china_dress
中国风,chinese_clothes
中文,chinese_text
十二生肖,chinese_zodiac
薯片,chips
巧克力,chocolate
巧克力板,chocolate_bar
心形巧克力,chocolate_heart
胸上的巧克力,chocolate_on_breasts
项圈,choker
猪口杯,choko_(cup)
筷子,chopsticks
圣诞节,christmas
圣诞彩灯,christmas_lights
圣诞树,christmas_tree
色差,chromatic_aberration
教堂,church
雪茄,cigar
香烟,cigarette
圆圈,circle
单行本概念预告图,circle_cut
封绘署名,circle_name
头冠,circlet
城市,city
城市灯光背景,city_lights
城市背景,cityscape
教室,classroom
爪(武器),claw_(weapon)
嘎哦,claw_pose
爪,claws
打扫,cleaning
乳沟,cleavage
露出的乳沟,cleavage_cutout
被封住嘴,cleave_gag
砍肉刀,cleaver
蜜缝,cleft_of_venus
握紧的手,clenched_hand
紧握的双手,clenched_hands
牙齿紧咬,clenched_teeth
悬崖,cliff
攀爬,climbing
写字板,clipboard
阴蒂包皮,clitoral_hood
玩弄阴蒂,clitoral_stimulation
阴核,clitoris
阴核环,clitoris_piercing
斗篷,cloak
时钟,clock
钟楼,clock_tower
克隆,clone
特写镜头,close-up
闭上的眼睛,closed_eyes
折扇,closed_fan
闭着的嘴,closed_mouth
收着的伞,closed_umbrella
布,cloth
有衣着的动物,clothed_animal
穿着衣服的女性和裸女,clothed_female_nude_female
穿着衣服的女性和裸男,clothed_female_nude_male
穿着衣服的男性和裸女,clothed_male_nude_female
穿着衣服自慰,clothed_masturbation
有衣着的口袋妖怪,clothed_pokemon
着衣性交,clothed_sex
衣服,clothes
衣服系在腰上,clothes_around_waist
衣服勒在乳沟里,clothes_between_breasts
衣物挂到大腿之间,clothes_between_thighs
褪下衣物,clothes_down
扯着衣物,clothes_grab
衣架,clothes_hanger
掀起衣物,clothes_lift
拉开衣物,clothes_pull
脱下的衣服,clothes_removed
偷衣服,clothes_theft
拖拽衣服,clothes_tug
印着字的T恤,clothes_writing
晒衣服,clothesline
云,cloud
云絮状发型,cloud_hair
云状印花,cloud_print
多云天气,cloudy_sky
三叶草,clover
三叶草发饰,clover_hair_ornament
棍棒,club
梅花(扑克),club_(shape)
外套,coat
燕尾,coattails
可口可乐,coca-cola
外套,cockpit
鸡尾酒,cocktail
(社交场合穿的)短裙,cocktail_dress
鸡尾酒杯,cocktail_glass
咖啡,coffee
咖啡杯,coffee_cup
马克杯,coffee_mug
棺材,coffin
硬币,coin
厚如玻璃瓶底的圆眼镜,coke-bottle_glasses
寒冷的,cold
拼贴画,collage
项圈,collar
锁骨,collarbone
翻领短衫,collared_blouse
有领连衣裙,collared_dress
翻领夹克,collared_jacket
翻领衬衫,collared_shirt
色彩关联,color_connection
色标卡,color_guide
原画,color_trace
彩色的睫毛,colored_eyelashes
内层挑染,colored_inner_hair
彩色铅笔画,colored_pencil_(medium)
阴毛颜色,colored_pubic_hair
多彩条纹,colored_stripes
五彩斑斓的,colorful
柱子,column
立绘并列,column_lineup
梳子,comb
军用靴,combat_boots
诱受,come_hither
安慰,comforting
漫画,comic
令咒,command_spell
联动,company_connection
有版权署名,company_name
对比图,comparison
竞泳死库水,competition_school_swimsuit
赛用泳衣,competition_swimsuit
计算机,computer
概念艺术,concept_art
飞机云,condensation_trail
避孕套,condom
口叼避孕套,condom_in_mouth
戴避孕套,condom_on_penis
避孕套包装,condom_packet_strip
避孕套包装,condom_wrapper
表白,confession
彩色纸屑(祝贺),confetti
非强行的触手侵犯,consensual_tentacles
星座,constellation
收缩的瞳孔,constricted_pupils
现代改编,contemporary
对立式平衡,contrapposto
控制器,controller
便利店,convenience_store
遮住关键部位的手臂,convenient_arm
简单巧妙的打码,convenient_censoring
挡住关键部位的腿,convenient_leg
曲奇,cookie
烹饪,cooking
冷藏器,cooler
版权,copyright
版权署名,copyright_name
珊瑚,coral
有线电话,corded_phone
玉米,corn
尸体,corpse
恶堕|婊子化,corruption
束腰,corset
角色扮演,cosplay
服装,costume
服饰互换,costume_switch
棉花糖,cotton_candy
沙发,couch
倒计时,countdown
柜台,counter
情侣,couple
表亲,cousins
封面,cover
封面图片,cover_image
封面,cover_page
有衣物裹住的锁骨,covered_collarbone
蒙住的眼,covered_eyes
蒙脸,covered_face
蒙住的嘴,covered_mouth
隐约入目的肚脐,covered_navel
激凸的乳头|隐约可见的乳头,covered_nipples
遮盖的动作,covering
遮着臀部,covering_ass
遮着乳房,covering_breasts
遮着裆部,covering_crotch
遮住眼睛,covering_eyes
挡住脸,covering_face
挡住嘴巴,covering_mouth
挡住乳头,covering_nipples
牛,cow
牛耳朵,cow_ears
牛娘,cow_girl
牛角,cow_horns
奶牛系印花,cow_print
牛尾,cow_tail
牛仔靴,cowboy_boots
牛仔帽,cowboy_hat
七分身镜头,cowboy_shot
女上位,cowgirl_position
螃蟹,crab
裂痕,crack
概念礼装,craft_essence
起重机,crane_(machine)
大木箱,crate
男式领巾,cravat
病娇,crazy
坏掉的眼神,crazy_eyes
奶油,cream
同个原作者的角色们的同人,creator_connection
创造物,creature
拟人化(含对比),creature_and_personification
书脊,credits_page
可丽饼,crepe
月牙,crescent
月牙耳环,crescent_earrings
月牙发饰,crescent_hair_ornament
新月,crescent_moon
新月玫瑰,crescent_rose
交叉吊带,criss-cross_halter
露腹短上衣,crop_top
乳帘,crop_top_overhang
短夹克,cropped_jacket
只画了一部分腿,cropped_legs
短衬衫,cropped_shirt
只画了一部分躯干,cropped_torso
小款背心,cropped_vest
十字,cross
交叉花边服饰,cross-laced_clothes
交叉系带鞋,cross-laced_footwear
截面图,cross-section
十字耳环,cross_earrings
十字发饰,cross_hair_ornament
十字架项链,cross_necklace
十字架元素图案,cross_print
弩,crossbow
(变装)女装|男装|女装男子|女装,crossdressing
交叉脚踝,crossed_ankles
交叉双臂,crossed_arms
交叉的刘海,crossed_bangs
交叉的腿,crossed_legs
跨界作品,crossover
人行横道,crosswalk
胯部,crotch
裆部有特别覆盖物,crotch_plate
裆部勒着的绳子,crotch_rope
摩擦裆部,crotch_rub
裆部的缝,crotch_seam
开裆的,crotchless
开档内裤,crotchless_panties
乌鸦,crow
人群,crowd
王冠|皇冠,crown
法式冠编发,crown_braid
哭,crying
睁着眼落泪,crying_with_eyes_open
矿石,crystal
水晶球,crystal_ball
水晶耳环,crystal_earrings
水晶状的头发,crystal_hair
立方体,cube
黄瓜,cucumber
拥抱,cuddling
手铐,cuffs
精液,cum
肛门内射,cum_in_ass
口内射精,cum_in_mouth
内射|中出,cum_in_pussy
射在屁股上,cum_on_ass
射在身上,cum_on_body
射在男性身上,cum_on_boy
射在胸上,cum_on_breasts
射在衣服上,cum_on_clothes
射在头发上,cum_on_hair
射在下半身上,cum_on_lower_body
射在阴部上,cum_on_pussy
射在自己身上,cum_on_self
射在嘴里,cum_on_stomach
射在舌头上,cum_on_tongue
射在上半身,cum_on_upper_body
淌成一滩的精液,cum_pool
拉丝的精液,cum_string
射在后庭里,cum_while_penetrated
溢出的精液(已拔出),cumdrip
舔阴,cunnilingus
杯子,cup
杯面,cup_ramen
纸杯蛋糕,cupcake
高露出度胸罩,cupless_bra
弯曲的角,curled_horns
卷发,curly_hair
咖喱,curry
咖喱饭,curry_rice
光标,cursor
窗帘,curtains
(女子的)屈膝礼,curtsey
展现魅力的姿势,curvy
坐垫,cushion
cute&girly (偶像大师),cute_&_girly_(idolmaster)
热裤,cutoffs
割伤,cuts
砧板,cutting_board
剪头发,cutting_hair
赛博朋克,cyberpunk
赛博人类,cyborg
独眼巨人,cyclops
斯拉夫文,cyrillic
方向键,d-pad
方向键发饰,d-pad_hair_ornament
d:,d:
匕首,dagger
雏菊,daisy
抱枕,dakimakura
抱枕(物体),dakimakura_(object)
受损的,damaged
舞者,dancer
跳舞,dancing
蒲公英,dandelion
《危险的野兽》FGO礼装,dangerous_beast
团子,dango
弹幕,danmaku
透过树叶洒下的阳光,dappled_sunlight
黑暗,dark
深色的乳晕,dark_areolae
黑暗的光环|黑暗的气场,dark_aura
深蓝色头发,dark_blue_hair
暗精灵,dark_elf
深色的乳头,dark_nipples
深色的阴茎,dark_penis
黑化,dark_persona
褐色皮肤,dark_skin
黑暗,darkness
付上日期的,dated
白天,day
死,death
碎片|残骸,debris
负债的,debt
霸天虎,decepticon
捅到子宫,deep_penetration
角色的另一面(多指色情),deep_skin
深喉,deepthroat
鹿,deer
败北,defeat
恶魔,demon
恶魔男孩,demon_boy
魅魔,demon_girl
恶魔的角,demon_horns
恶魔尾巴,demon_tail
恶魔翅膀,demon_wings
牛仔布,denim
牛仔短裤,denim_shorts
牛仔裙,denim_skirt
景深(画法),depth_of_field
沙漠,desert
书桌,desk
台灯,desk_lamp
甜点,dessert
破坏,destruction
假领,detached_collar
分离袖子,detached_sleeves
不与本体相连的翅膀,detached_wings
冠饰,diadem
斜纹领结,diagonal-striped_neckwear
斜刘海,diagonal_bangs
斜纹,diagonal_stripes
钻石(宝石),diamond_(gemstone)
菱形(形状),diamond_(shape)
菱形(符号),diamond_(symbol)
尿布,diaper
骰子,dice
映出的另一面,different_reflection
衍射十字星,diffraction_spikes
化成数据般消失,digital_dissolve
随身听,digital_media_player
假阴茎,dildo
女性的腰窝|维纳斯之眼,dimples_of_venus
恐龙,dinosaur
阿尔卑斯村姑裙,dirndl
肮脏的,dirty
弄脏的衣服,dirty_clothes
弄脏的脸,dirty_face
弄脏的脚,dirty_feet
分离的头,disembodied_head
断肢,disembodied_limb
断掉的阴茎,disembodied_penis
一次性纸杯,disposable_cup
溶解的,dissolving
溶解掉的衣服,dissolving_clothes
潜水,diving
潜水面罩,diving_mask
头戴潜水面罩,diving_mask_on_head
狗盆帽,dixie_cup_hat
船坞,dock
医生,doctor
狗,dog
狗项圈,dog_collar
狗耳朵,dog_ears
犬娘,dog_girl
狗牌,dog_tags
狗尾巴,dog_tail
后入式,doggystyle
花边元素,doily
人偶|玩偶,doll
抱着玩偶,doll_hug
玩偶球形关节,doll_joints
海豚,dolphin
海豚短裤,dolphin_shorts
女王(SM中),dominatrix
SM面具,domino_mask
《don't_say_"lazy"》,don't_say_"lazy"
募捐箱,donation_box
门,door
小圆点鼻,dot_nose
虚线,dotted_line
双排纽扣,double-breasted
团子头,double_bun
双头假阴茎,double_dildo
双手各握着一根阴茎,double_handjob
二穴,double_penetration
啊嘿颜比V,double_v
服饰上有两条平行条纹,double_vertical_stripe
甜甜圈,doughnut
武道服,dougi
同人封面,doujin_cover
同人志,doujinshi
白鸽,dove
胸部走光,downblouse
占星杖,dowsing_rod
得意脸,doyagao
角色在拖某物,dragging
龙,dragon
龙娘,dragon_girl
龙角,dragon_horns
龙尾,dragon_tail
龙翼,dragon_wings
蜻蜓,dragonfly
牛角族,draph
抽屉,drawer
绘画,drawing
拉弓,drawing_bow
手绘板,drawing_tablet
源drawr不可寻,drawr
衣服的抽绳,drawstring
做梦,dreaming
连衣裙,dress
连衣裙上的蝴蝶结,dress_bow
掀起裙子,dress_lift
剥下裙子胸口的部分,dress_pull
脱下裙子,dress_removed
西服衬衫,dress_shirt
压住裙摆,dress_tug
穿衣,dressing
着装,dressing_another
钻头,drill
钻头发型,drill_hair
饮料,drink
喝,drinking
酒杯,drinking_glass
吸管,drinking_straw
液体滴落,dripping
驾驶,driving
无人机,drone
流口水,drooling
立绘阴影,drop_shadow
(意外)掉落,dropping
药物,drugs
鼓,drum
桶(容器),drum_(container)
架子鼓,drum_set
鼓槌,drumsticks
喝醉的,drunk
弄干(浴后),drying
弄干头发,drying_hair
双重人格,dual_persona
双持,dual_wielding
鸭子,duck
肚兜,dudou
决斗,duel
游戏王决斗怪兽,duel_monster
行李包,duffel_bag
粗呢大衣,duffel_coat
哑铃,dumbbell
黄昏,dusk
灰尘,dust
烟尘,dust_cloud
掸子,duster
德式倾斜镜头,dutch_angle
DVD封面,dvd_cover
鹰,eagle
咬耳朵,ear_biting
耳红,ear_blush
穿耳洞,ear_piercing
护耳罩,ear_protection
耳标,ear_tag
耳塞,earbuds
耳罩,earmuffs
耳机,earphones
耳环,earrings
多双耳朵,ears
下垂的耳朵,ears_down
为耳朵留洞的头饰,ears_through_headwear
画架,easel
东方风格建筑,east_asian_architecture
复活节彩蛋,easter_egg
东方龙,eastern_dragon
咀嚼,eating
工霞,egasumi
蛋,egg
跳蛋,egg_vibrator
茄子,eggplant
埃及,egyptian
埃及风格服饰,egyptian_clothes
惠方卷,ehoumaki
八分音符,eighth_note
射精,ejaculation
长手套,elbow_gloves
护肘,elbow_pads
电风扇,electric_fan
电吉他,electric_guitar
插座,electric_socket
电,electricity
大象,elephant
精灵,elf
四天王,elite_four
绘马,ema
害羞,embarrassed
经润饰的服装,embellished_costume
余烬,embers
纹章,emblem
翡翠(宝石),emerald_(gemstone)
集中线,emphasis_lines
空洞的眼神,empty_eyes
能量球,energy_ball
镭射枪,energy_gun
光剑,energy_sword
英语,english_text
L和R不分的英文,engrish_text
女仆装,enmaided
(围巾束成的)乌贼鳍发型,enpera
信封,envelope
肩章,epaulettes
壮丽且经典的故事(的同人),epic
橡皮擦,eraser
膨胀的阴核,erect_clitoris
勃起,erection
老二立帐篷,erection_under_clothes
色情漫画,eromanga
有问题的作画,error
兽耳族,erune
傍晚,evening
晚会礼服,evening_gown
集合绘,everyone
邪恶的露齿笑,evil_grin
邪恶的笑容,evil_smile
超大的射精量,excessive_cum
极浓密的阴毛,excessive_pubic_hair
做运动,exercise
露出,exhibitionism
爆炸,explosion
易爆的,explosive
角色的多表情展示,expression_chart
无口,expressionless
表情,expressions
富有表现力的衣服,expressive_clothes
富有表现力的头发,expressive_hair
衍生角色(形象),extra
多只手臂,extra_arms
四只耳朵,extra_ears
多只眼睛,extra_eyes
有多张嘴巴,extra_mouth
眼神交流,eye_contact
荷鲁斯之眼,eye_of_horus
眼球,eyeball
眉毛,eyebrows
挡在头发下的眉毛,eyebrows_behind_hair
透过头发可以看到的眉毛,eyebrows_visible_through_hair
睫毛,eyelashes
眼线,eyeliner
眼罩,eyepatch
眼罩比基尼,eyepatch_bikini
摘眼罩,eyepatch_removed
眼睛,eyes
透过头发可以看到的眼睛,eyes_visible_through_hair
眼影,eyeshadow
眼镜别在头上,eyewear_on_head
摘眼镜,eyewear_removed
脸部,face
脸贴脸,face-to-face
没有脸部细节的,faceless
无脸部女性,faceless_female
无脸部男性,faceless_male
脸部画有图案,facepaint
以手掩面,facepalm
颜射,facial
胡须,facial_hair
脸部有图案,facial_mark
脸部有纹身,facial_tattoo
二人面对面(脸贴得很近),facing_another
面向别处,facing_away
面向镜头,facing_viewer
失败,failure
妖精,fairy
妖精的翅膀,fairy_wings
仿制的动物耳朵,fake_animal_ears
(同人向玩梗向的)封面,fake_cover
假胡须,fake_facial_hair
装饰性的角,fake_horns
假胡子,fake_mustache
(同人向玩梗向的)截图,fake_screenshot
仿造的尾巴,fake_tail
仿造的翅膀,fake_wings
法尔西昂(火焰之纹章),falchion_(fire_emblem)
倒地的,fallen_down
正在下坠的,falling
落叶,falling_leaves
落花,falling_petals
一家子,family
家徽,family_crest
扇子|电风扇,fan
虎牙,fang
露出虎牙|露出尖牙,fang_out
尖牙,fangs
腰包,fanny_pack
幻想,fantasy
时尚,fashion
肥胖的|大号美女,fat
胖子,fat_man
丰满的,fat_mons
父女,father_and_daughter
父子,father_and_son
水龙头,faucet
腹甲,faulds
仿手办风格,faux_figurine
传统手绘风格,faux_traditional_media
羽毛装饰的袖子,feather-trimmed_sleeves
羽毛围巾,feather_boa
羽翼,feathered_wings
羽毛,feathers
软呢帽,fedora
喂食,feeding
脚,feet
双脚不在图内,feet_out_of_frame
翘起脚,feet_up
口交,fellatio
摆着口交的手势,fellatio_gesture
潮吹,female_ejaculation
女性高潮,female_orgasm
痴女,female_pervert
女性视角,female_pov
逆强奸,femdom
栅栏,fence
貂,ferret
摩天轮,ferris_wheel
节日|祭典,festival
胎儿状的蜷缩,fetal_position
女女女3P,fff_threesome
女女男3P,ffm_threesome
原创人物,fictional_persona
田野,field
燃烧着的翅膀,fiery_wings
战斗机,fighter_jet
战斗中的,fighting
战斗姿态|摆着架势的,fighting_stance
手办,figure
胶片颗粒感|老电影滤镜,film_grain
对某美术品的模仿|模仿名画,fine_art_parody
精细的面料感|超还原的丝袜,fine_fabric_emphasis
咬手指,finger_biting
手指作手枪状,finger_gun
口内指交,finger_in_another's_mouth
手指伸进嘴里,finger_in_mouth
准备扣扳机的手势,finger_on_trigger
吮吸手指,finger_sucking
手抵在嘴唇边,finger_to_mouth
指交,fingering
手指隔着衣物摸来摸去,fingering_through_clothes
无指手套,fingerless_gloves
指甲,fingernails
手指,fingers
手指并拢,fingers_together
鱼鳍,fins
火,fire
萤火虫,fireflies
壁炉,fireplace
烟花,fireworks
射击,firing
鱼,fish
鱼人,fish_girl
鱼形发饰,fish_hair_ornament
鱼形印花,fish_print
鱼眼镜头,fisheye
钓鱼,fishing
钓鱼竿,fishing_rod
渔网袜,fishnet_legwear
渔网,fishnets
未勃起的,flaccid
旗,flag
旗帜印花,flag_print
梿枷,flail
火焰,flame
火焰图案,flame_print
焰目,flaming_eye
拍打动作,flapping
回忆场景,flashback
露出,flashing
手电筒,flashlight
烧瓶,flask
贫瘠的屁股,flat_ass
平顶帽|司机帽,flat_cap
平胸|贫乳,flat_chest
抓着贫乳,flat_chest_grab
平涂风格,flat_color
无背景|平铺的背景,flats
在逃跑的,fleeing
点兔女仆装,fleur_de_lapin_uniform
柔韧性好的,flexible
秀肌肉,flexing
人字拖,flip-flops
翻盖手机,flip_phone
外卷发型,flipped_hair
浮动的|在漂浮的,floating
飘动的头发,floating_hair
浮岛,floating_island
漂浮物,floating_object
悠远|恢弘感|一大群,flock
地板,floor
大耳朵|下垂的耳朵|飞机耳发型,floppy_ears
花朵点缀的背景|有花香的感觉,floral_background
花朵图案(印花),floral_print
花,flower
花(符号),flower_(symbol)
花手镯,flower_bracelet
花耳环,flower_earrings
花田,flower_field
绳结,flower_knot
花环|鲜花项链,flower_necklace
毛茸茸的,fluffy
慌乱的,flustered
笛,flute
飞行,flying
飞踢,flying_kick
飞扬的汗珠,flying_sweatdrops
泡沫,foam
雾,fog
抬腿露阴,folded
蜷起来的马尾,folded_ponytail
折叠椅,folding_chair
扇子,folding_fan
食物,food
嘴里有食物,food_in_mouth
身体上有食物,food_on_body
脸上有食物,food_on_face
食物印花,food_print
食品摊,food_stand
单脚不在图内,foot_out_of_frame
足交,footjob
脚印,footprints
强制高潮,forced_orgasm
额头,forehead
额头贴额头,forehead-to-forehead
额前有宝石,forehead_jewel
亲吻额头,forehead_kiss
额前有图案,forehead_mark
护额,forehead_protector
正前缩距透视法,foreshortening
包皮,foreskin
森林,forest
餐叉,fork
正装,formal
喷泉,fountain
四叶草,four-leaf_clover
虚实穿插|连接到现实的感觉|次元壁,fourth_wall
狐狸,fox
狐耳,fox_ears
狐娘,fox_girl
狐狸面具,fox_mask
狐狸手势,fox_shadow_puppet
狐狸尾巴,fox_tail
极具立体感的乳房,framed_breasts
雀斑,freckles
潜水(泳姿不限),freediving
法式辫子,french_braid
法国国旗,french_flag
炸薯条,french_fries
舌吻,french_kiss
法文,french_text
煎蛋|荷包蛋,fried_egg
朋友,friends
花边围裙,frilled_apron
花边比基尼,frilled_bikini
花边蝴蝶结,frilled_bow
花边胸罩,frilled_bra
花边披肩,frilled_capelet
花边项圈,frilled_choker
花边衣领,frilled_collar
花边连衣裙,frilled_dress
花边手套,frilled_gloves
花边发带,frilled_hairband
花边和服,frilled_kimono
花边的裤袜,frilled_legwear
花边内裤,frilled_panties
花边缎带,frilled_ribbon
花边衬衫,frilled_shirt
花边衬衫领,frilled_shirt_collar
花边裙子,frilled_skirt
花边袖子,frilled_sleeves
花边泳衣,frilled_swimsuit
花边,frills
碎边饰物|边缘装饰物,fringe_trim
青蛙,frog
青蛙娘,frog_girl
青蛙发饰,frog_hair_ornament
青蛙捆绑,frogtie
俯视镜头,from_above
背影,from_behind
仰视镜头,from_below
室外看向室内(的镜头),from_outside
角色的侧面,from_side
正面有图案的内裤,front-print_panties
从正面打结的比基尼,front-tie_bikini
从正面打结的衣物,front-tie_top
束在正面的马尾,front_ponytail
拉链在正面的泳衣,front_zipper_swimsuit
摩擦性器官|用性器官摩擦别人的身体,frottage
皱眉,frown
被冻住的,frozen
水果,fruit
平底锅,frying_pan
被肏到恍惚|被干得不要不要,fucked_silly
整张脸泛红,full-face_blush
有整件衣物长的拉链,full-length_zipper
有完整两性器官的扶她,full-package_futanari
穿着全套盔甲的,full_armor
全身|画出了全身,full_body
满月,full_moon
双肩下握颈体位,full_nelson
气得冒烟(含一定漫画元素),fume
兜裆布,fundoshi
毛皮,fur
皮草靴,fur-trimmed_boots
毛皮镶边斗篷,fur-trimmed_cape
毛皮装饰披肩,fur-trimmed_capelet
镶边皮草大衣,fur-trimmed_coat
毛皮镶边连衣裙,fur-trimmed_dress
毛皮镶边手套,fur-trimmed_gloves
毛皮镶边风帽,fur-trimmed_hood
皮草夹克,fur-trimmed_jacket
皮草修身长裤,fur-trimmed_legwear
毛皮镶边短裙,fur-trimmed_skirt
毛皮镶边袖子,fur-trimmed_sleeves
矮跟休闲皮草靴,fur_boots
毛皮大衣,fur_coat
毛皮衣领,fur_collar
毛皮帽子,fur_hat
皮草款式|毛皮镶边,fur_trim
振袖,furisode
毛茸茸|兽人,furry
融合|合体,fusion
扶她和女性,futa_with_female
两个扶她,futa_with_futa
扶她和男性,futa_with_male
扶她,futanari
干扶她|玩弄扶她,futasub
被窝,futon
封印之杖,fuuin_no_tsue
超细款丁字裤,g-string
猿辔|塞口物,gag
被塞口的,gagged
学兰,gakuran
游戏机,game_console
游戏控制器,game_controller
游戏手柄,gamepad
(融入了)游戏机制元素,gameplay_mechanics
轮奸,gangbang
黑皮,ganguro
隙间(东方),gap_(touhou)
敞开的|撑开的(阴部和屁眼),gaping
花园,garden
加尔格·马可大修道院制服,garreg_mach_monastery_uniform
船形帽|卫戍帽|军便帽,garrison_cap
吊带袜的腰带,garter_belt
吊带袜的吊带,garter_straps
吊带袜的袜带,garters
防毒面具,gas_mask
门,gate
褶裥(衣物),gathers
加特林机枪,gatling_gun
护腕,gauntlets
齿轮,gears
宝石,gem
宝石之国的制服,gem_uniform_(houseki_no_kuni)
第1代口袋妖怪,gen_1_pokemon
第2代口袋妖怪,gen_2_pokemon
第3代口袋妖怪,gen_3_pokemon
第4代口袋妖怪,gen_4_pokemon
第5代口袋妖怪,gen_5_pokemon
第6代口袋妖怪,gen_6_pokemon
第7代口袋妖怪,gen_7_pokemon
第8代口袋妖怪,gen_8_pokemon
性转,genderswap
男体化,genderswap_(ftm)
女体化,genderswap_(mtf)
德国服装,german_clothes
德国国旗,german_flag
德国国旗比基尼,german_flag_bikini
德语,german_text
德国,germany
木屐,geta
幽灵,ghost
幽灵尾巴,ghost_tail
巨人,giant
巨大少女,giantess
礼物,gift
礼品袋,gift_bag
礼品盒,gift_box
超大乳房,gigantic_breasts
女上位,girl_on_top
被两个女孩夹在中间,girl_sandwich
递|赠送,giving
灵魂出窍,giving_up_the_ghost
长柄刀,glaive
轻蔑的眼神|怒视,glaring
玻璃,glass
眼镜|眼镜娘,glasses
眼中闪现强烈的情感,glint
地球仪,globe
热情的拥抱|扑上来抱住,glomp
消沉(表情),gloom_(expression)
手套,gloves
脱下手套,gloves_removed
发光的,glowing
发光的眼睛(单眼),glowing_eye
发光的双眼,glowing_eyes
发光的武器,glowing_weapon
荧光棒|打call棒,glowstick
山羊胡,goatee
哥布林,goblin
女神,goddess
护目镜,goggles
脖子挂着护目镜,goggles_around_neck
头上别着护目镜,goggles_on_head
帽子上别着护目镜,goggles_on_headwear
御币,gohei
金,gold
黄金盔甲,gold_armor
金链子,gold_chain
金色镶边,gold_trim
金鱼,goldfish
高尔夫俱乐部,golf_club
好结局,good_end
护喉|护喉甲|颈甲,gorget
哥特式,gothic
哥特萝莉,gothic_lolita
葫芦,gourd
女裙|女长服|女礼服,gown
抓住|抓着,grabbing
抓着对方屁股,grabbing_another's_ass
抓着对方的头发,grabbing_another's_hair
从背后揉胸|从背后抓住胸部,grabbing_from_behind
抓着自己的屁股,grabbing_own_ass
(身体或肢体)倾斜,gradient
渐变色(效果)的背景,gradient_background
渐变色的头发,gradient_hair
倾斜的天空,gradient_sky
涂鸦,graffiti
葡萄,grapes
铅笔画(中号),graphite_(medium)
草,grass
坟墓,grave
墓地,graveyard
胫甲,greaves
绿框眼镜,green-framed_eyewear
绿色背景,green_background
绿色比基尼,green_bikini
绿色紧身衣,green_bodysuit
绿色蝴蝶结,green_bow
绿色胸罩,green_bra
绿色斗篷,green_cape
绿色项圈,green_choker
绿色外套,green_coat
绿色连衣裙,green_dress
绿色的眼镜,green_eyes
绿色鞋类,green_footwear
绿色的手套,green_gloves
绿发,green_hair
绿色发带,green_hairband
绿色的袴,green_hakama
绿色头饰,green_headwear
绿色夹克,green_jacket
绿色和服,green_kimono
绿色的裤袜,green_legwear
绿色连身衣,green_leotard
绿色的指甲,green_nails
绿色的领结,green_neckwear
绿色的内裤,green_panties
绿色的裤子,green_pants
绿色丝带,green_ribbon
绿色水手领,green_sailor_collar
绿色围巾,green_scarf
绿色衬衫,green_shirt
绿色短裤,green_shorts
绿色皮肤,green_skin
绿色的裙子,green_skirt
绿色的毛衣,green_sweater
绿色的泳衣,green_swimsuit
绿茶,green_tea
绿色主题,green_theme
绿色背心,green_vest
绿色翅膀,green_wings
手榴弹,grenade
榴弹发射器,grenade_launcher
灰色背景,grey_background
灰色比基尼,grey_bikini
灰色蝴蝶结,grey_bow
灰色开口衬衫,grey_cardigan
灰色外套,grey_coat
灰色连衣裙,grey_dress
灰色的眼睛,grey_eyes
灰色鞋类,grey_footwear
灰色手套,grey_gloves
灰色的头发|白发|银发,grey_hair
灰色头饰,grey_headwear
灰色连帽衫,grey_hoodie
灰色夹克,grey_jacket
灰色的裤袜,grey_legwear
灰色的领结,grey_neckwear
灰色的内裤,grey_panties
灰色的裤子,grey_pants
灰色丝带,grey_ribbon
灰色水手领,grey_sailor_collar
灰色上衣,grey_shirt
灰色短裤,grey_shorts
灰色皮肤,grey_skin
灰色短裙,grey_skirt
灰色袖子,grey_sleeves
灰色毛衣,grey_sweater
灰色,grey_theme
灰色背心,grey_vest
纯黑白色|黑白照片化,greyscale
烤架,grill
(因痛苦、厌恶等)做怪相,grimace
魔法书,grimoire
爱丽丝的魔法书(东方),grimoire_of_alice
露齿笑,grin
素股|臀推,grinding
食材,groceries
购物袋,grocery_bag
腹股沟|耻丘,groin
腹股沟肌腱,groin_tendon
猥亵,groping
地面载具,ground_vehicle
团团抱,group_hug
团队名|组名,group_name
群P|群交,group_sex
把对方的手抓过来摸自己的胸,guided_breast_grab
抓住男性器插入自己,guided_penetration
吉他,guitar
吉他套,guitar_case
枪,gun
枪刃,gunblade
R-18G,guro
(缝在衣服上以放大、加固等的)衬料,gusset
辣妹,gyaru
体操队队长,gym_leader
体操服,gym_shirt
体操短裤,gym_shorts
体育仓库,gym_storeroom
体操服,gym_uniform
HK416,h&k_hk416
修道服,habit
扎头巾(名词),hachimaki
光膀子,hadanugi_dousa
羽子板,hagoita
羽衣,hagoromo
发珠,hair_beads
耳后有头发,hair_behind_ear
头发上系着铃铛,hair_bell
延伸到两眼之间的刘海,hair_between_eyes
头绳,hair_bobbles
蝴蝶结发圈,hair_bow
梳子,hair_brush
梳头,hair_brushing
发髻|团子头,hair_bun
头发遮住了乳头(三点),hair_censor
捆发珠,hair_cubes
披下来的头发,hair_down
在摆动的头发,hair_flaps
拨头发,hair_flip
头发上别着花,hair_flower
抓着头发,hair_grab
嘴里有头发,hair_in_mouth
进气口发型,hair_intakes
发饰,hair_ornament
头发披在胸上,hair_over_breasts
头发遮着双眼,hair_over_eyes
头发遮住了一只眼睛,hair_over_one_eye
披肩发,hair_over_shoulder
扯着头发,hair_pull
头发往后扎,hair_pulled_back
发绳,hair_ribbon
飞仙髻,hair_rings
发圈|发束,hair_scrunchie
头发往后捋|往后梳的头发|背头发型,hair_slicked_back
散开的头发,hair_spread_out
发簪,hair_stick
强调一缕一缕感的发型|发丝,hair_strand
发带,hair_tie
将系头发的东西叼在嘴里,hair_tie_in_mouth
束发套,hair_tubes
撩头发,hair_tucking
手指卷着头发,hair_twirling
盘起来的头发,hair_up
发箍,hairband
发夹,hairclip
梳理头发|扎辫子,hairdressing
头发缠在男性器上|卷发「棒」,hairjob
脏辫,hairlocs
一种发卡夹成的发型特征,hairpin
头发上成对的像无线蓝牙的发饰,hairpods
袴|腿衣,hakama
袴裙,hakama_skirt
角色cos灵梦,hakurei_reimu_(cosplay)
戟,halberd
半闭的眼睛(单眼),half-closed_eye
半闭的双眼,half-closed_eyes
很短的手套|半截手套,half_gloves
女神式发型|公主辫,half_updo
一种漫画中常见的网点状的组色组图画法,halftone
网点图背景,halftone_background
万圣夜,halloween
万圣节装扮,halloween_costume
天使光环,halo
绕颈裙|衬衣式连衣裙|露背吊带裙,halter_dress
吊带式的上身的服饰,halter_top
绕颈系带,halterneck
破魔矢,hamaya
锤子,hammer
锤子和镰刀,hammer_and_sickle
仓鼠,hamster
花咲川女子学园,hanasakigawa_school_uniform
朝鲜服饰,hanbok
手放在胸前,hand_between_breasts
手放在两腿之间,hand_between_legs
做手势,hand_gesture
手放在对方的头发上,hand_in_another's_hair
手埋在头发里,hand_in_hair
手伸进内裤里,hand_in_panties
手插在口袋里,hand_in_pocket
手镜,hand_mirror
手里拿着捕虫网,hand_net
手摸着对方的脸颊,hand_on_another's_cheek
手放在对方的胸前,hand_on_another's_chest
手托着对方的下巴,hand_on_another's_chin
手接触到对方的脸,hand_on_another's_face
手放在对方的头上,hand_on_another's_head
手放在对方的肩上,hand_on_another's_shoulder
手放在对方的肚子上,hand_on_another's_stomach
手放在屁股上,hand_on_ass
手放在头上,hand_on_head
手触碰帽子,hand_on_headwear
手搁在刀柄上,hand_on_hilt
手叉着腰|手搁在腰上,hand_on_hip
把手放在自己的脸颊上,hand_on_own_cheek
把手放在自己的胸口,hand_on_own_chest
手碰着自己的下巴,hand_on_own_chin
把手放在自己脸上,hand_on_own_face
手放在自己的膝盖上,hand_on_own_knee
把手放在自己的肚子上,hand_on_own_stomach
手放在肩上,hand_on_shoulder
手掩着嘴,hand_over_own_mouth
手上套着玩偶,hand_puppet
手朝向自己嘴,hand_to_own_mouth
手伸进衬衫下面,hand_under_shirt
抬起手,hand_up
手提包,handbag
手铐,handcuffs
手枪,handgun
手里拿着游戏机,handheld_game_console
手淫,handjob
手帕,handkerchief
手|双手,hands
双手手指交叉|双手紧握,hands_clasped
双手交叉伸进袖子里,hands_in_opposite_sleeves
双手插在兜里,hands_in_pockets
双手放在对方的脸颊上,hands_on_another's_cheeks
双手放在别人的脸上,hands_on_another's_face
双手放在别人的肩膀上,hands_on_another's_shoulders
双手放在屁股上,hands_on_ass
双手放在脚上,hands_on_feet
双手碰到头上的饰物,hands_on_headwear
双手搭在刀柄上,hands_on_hilt
双手叉腰|双手搁在腰上,hands_on_hips
双手放在两腿之间,hands_on_lap
双手放在自己的脸颊上,hands_on_own_cheeks
双手放在自己的胸口,hands_on_own_chest
双手放在自己的脸上,hands_on_own_face
双手放在自己的头上,hands_on_own_head
双手放在自己的膝盖上,hands_on_own_knees
双手放在自己的肚子上,hands_on_own_stomach
双手放在自己的大腿上,hands_on_own_thighs
双手搭在两肩,hands_on_shoulders
双手合十|自己的双手碰一起,hands_together
双手朝上|双手抬起|双手举起,hands_up
倒立,handstand
板羽球,hanetsuki
汉服,hanfu
吊起来的,hanging
(俯身)双乳下垂,hanging_breasts
袢缠,hanten_(clothes)
羽织,haori
法被,happi
快乐|幸福,happy
生日快乐,happy_birthday
万圣节快乐,happy_halloween
新年快乐,happy_new_year
幸福的做爱,happy_sex
开心的眼泪,happy_tears
情人节快乐,happy_valentine
后宫,harem
舞娘服,harem_outfit
灯笼裤,harem_pants
背带,harness
竖琴,harp
有翼人|半人半鸟|鸟人族,harpy
矮人族,harvin
帽子,hat
带有蝴蝶结的帽子,hat_bow
带有羽毛的帽子,hat_feather
带着花的帽子,hat_flower
带有饰物的帽子,hat_ornament
帽子遮住了一只眼,hat_over_one_eye
帽子被摘下|摘下帽子,hat_removed
带有缎带的帽子,hat_ribbon
捏着帽檐,hat_tip
自带耳朵的帽子,hat_with_ears
短斧,hatchet
线影法(纹理),hatching_(texture)
cos成初音未来,hatsune_miku_(cosplay)
天狗叶扇,hauchiwa
憋尿,have_to_pee
夏威夷衫,hawaiian_shirt
头,head
弓背高潮,head_back
头埋在胸里|洗面奶,head_between_breasts
头上起包,head_bump
低着头,head_down
鱼人耳|人鱼耳|鳍状耳朵,head_fins
戴着头戴显示设备,head_mounted_display
一部分头部没画进框里,head_out_of_frame
枕着头|托着头,head_rest
包头巾(名词),head_scarf
歪着头,head_tilt
头上有翅膀,head_wings
头上戴着花冠,head_wreath
扎头巾(名词),headband
头部穿戴物(偏笼统),headdress
头部饰品(含一定科幻元素),headgear
无头,headless
耳机,headphones
耳机挂在脖子上,headphones_around_neck
装饰性头饰(偏幻想和民族风饰品),headpiece
状态条(游戏和科幻风格),heads-up_display
头戴式耳机,headset
头饰(偏衣物类),headwear
头饰被摘下|摘下头饰,headwear_removed
血量槽|HP|血条,health_bar
心|心形|爱心,heart
心形盒子,heart-shaped_box
心形眼镜,heart-shaped_eyewear
心形锁,heart-shaped_lock
心形瞳孔|心形眼,heart-shaped_pupils
心形呆毛,heart_ahoge
含心形的背景|桃色背景,heart_background
心形马赛克,heart_censor
心形项圈,heart_choker
衣服上有心形的开口,heart_cutout
心形耳环,heart_earrings
心形发饰,heart_hair_ornament
双手比心,heart_hands
两个人一起用手比心,heart_hands_duo
眼里冒爱心,heart_in_eye
嘴里画着爱心|心形化的舌头,heart_in_mouth
舰娘锁(舰C),heart_lock_(kantai_collection)
心形项链,heart_necklace
串成心形的绳子(或线条),heart_of_string
心形乳贴,heart_pasties
心形枕头,heart_pillow
心形图案|心形印花,heart_print
心形尾巴|心形尾尖|尾巴摆出心形,heart_tail
心形纹身,heart_tattoo
心跳|表现出心动的文字,heartbeat
喘粗气,heavy_breathing
黑克勒-科赫制系列武器,heckler_&_koch
身高差,height_difference
直升机,helicopter
戴着头盔的,helm
头盔|头部装甲|头部防护罩,helmet
摘下头盔|被摘下的头盔,helmet_removed
变身,henshin
英灵节日装,heroic_spirit_festival_outfit
英灵旅装,heroic_spirit_traveling_outfit
异性恋,hetero
虹膜异色,heterochromia
六边形,hexagon
六角星,hexagram
扶桑花,hibiscus
没有露脸|被挡住的脸,hidden_face
躲藏,hiding
高腰裙,high-waist_skirt
高领,high_collar
高对比度,high_contrast
高跟靴,high_heel_boots
高跟鞋,high_heels
高踢|高抬腿,high_kick
高马尾,high_ponytail
高开衩的衣物,highleg
高开衩的比基尼,highleg_bikini
高开衩的连身衣,highleg_leotard
高开衩的内裤,highleg_panties
高开衩的泳衣,highleg_swimsuit
挑染,highlights
私立光坂高等学校校服,hikarizaka_private_high_school_uniform
引眉,hikimayu
小山坡,hill
公主发型,hime_cut
髋骨,hip_bones
臀部为焦点,hip_focus
服装露出髋部侧面,hip_vent
八木天线,hirschgeweih_antennas
舀子,hishaku
震动棒|按摩棒,hitachi_magic_wand
人魂,hitodama
点击量、阅览数、关注数(贺图),hits
击打,hitting
拿着某物,holding
抱着动物,holding_animal
拉着弓,holding_arrow
握着斧头,holding_axe
提着包,holding_bag
抱着球,holding_ball
提着篮子,holding_basket
捧着书,holding_book
拿着瓶子,holding_bottle
手捧花束,holding_bouquet
拿着弓(武器),holding_bow_(weapon)
端着碗,holding_bowl
端着箱子,holding_box
憋气,holding_breath
手持扫帚,holding_broom
手持摄像机,holding_camera
拿着易拉罐,holding_can
手持糖果,holding_candy
手持卡片,holding_card
抱着猫,holding_cat
拿着筷子,holding_chopsticks
手叼香烟,holding_cigarette
拿着衣服,holding_clothes
拿着避孕套,holding_condom
手持杯子,holding_cup
手持匕首,holding_dagger
抱着玩偶,holding_doll
拿着眼镜|正在摘眼镜,holding_eyewear
拿着扇子,holding_fan
手持旗帜,holding_flag
拿着花,holding_flower
拿着食物,holding_food
拿着餐叉,holding_fork
拿着水果,holding_fruit
拿着礼物,holding_gift
拿着枪,holding_gun
握着头发|手指绕着头发,holding_hair
牵手,holding_hands
拿着帽子,holding_hat
手里捧着头,holding_head
拿着头盔,holding_helmet
拿着泳圈,holding_innertube
拿着乐器,holding_instrument
拿着刀,holding_knife
拿着叶子,holding_leaf
拿着棒棒糖,holding_lollipop
拿着面具,holding_mask
拿着麦克风,holding_microphone
拿着缝衣针,holding_needle
握着自己的脚,holding_own_foot
手握画笔,holding_paintbrush
拿着内裤,holding_panties
拿着纸,holding_paper
握笔,holding_pen
手持铅笔,holding_pencil
拿着手机,holding_phone
抱着枕头,holding_pillow
拿着烟斗,holding_pipe
拿着披萨,holding_pizza
端着碟子,holding_plate
拿着精灵球,holding_poke_ball
抱着宝可梦,holding_pokemon
手持长柄武器,holding_polearm
拎着包袱,holding_sack
手持镰刀,holding_scythe
握着刀鞘,holding_sheath
手持盾牌,holding_shield
拿着鞋子,holding_shoes
手持招牌,holding_sign
手持长矛,holding_spear
拿着汤勺,holding_spoon
手持法杖,holding_staff
手拉着吊带,holding_strap
抱着毛绒玩具,holding_stuffed_animal
手持手写笔,holding_stylus
手持剑,holding_sword
手持注射器,holding_syringe
拿着毛巾,holding_towel
托着盘子,holding_tray
撑伞,holding_umbrella
手持内衣,holding_underwear
握着棒子,holding_wand
手持武器,holding_weapon
握着鞭子,holding_whip
冬青,holly
全息图片,hologram
全息投影,holographic_interface
武装带,holster
嘟嘴|抿嘴,homu
穗群原学园制服,homurahara_academy_uniform
蜂蜜,honey
蜂窝风格图案,honeycomb_(pattern)
蜂窝风格背景,honeycomb_background
兜帽,hood
放下的兜帽,hood_down
戴起来的兜帽,hood_up
连帽斗篷,hooded_cape
连帽披巾,hooded_cloak
连帽外套,hooded_coat
连帽夹克,hooded_jacket
连帽毛衣,hooded_sweater
连帽运动夹克,hooded_track_jacket
连帽衫,hoodie
铁环,hoop
环状耳环,hoop_earrings
蹄子,hooves
地平线,horizon
一字型瞳孔|蛙眼,horizontal_pupils
水平条纹,horizontal_stripes
系着蝴蝶结的角,horn_bow
角上有饰物,horn_ornament
角上系着缎带,horn_ribbon
角状头饰,horned_headwear
带角头盔,horned_helmet
角|有角的,horns
为角留了洞的头饰,horns_through_headwear
恐怖(主题),horror_(theme)
马,horse
马耳,horse_ears
马娘,horse_girl
马尾,horse_tail
骑马,horseback_riding
软管,hose
病床,hospital_bed
热的,hot
热狗,hot_dog
千鸟格纹,houndstooth
沙漏,hourglass
房子,house
画法示范,how_to
拥抱,hug
从背后抱上来,hug_from_behind
大呆毛,huge_ahoge
大屁股,huge_ass
爆乳,huge_breasts
大乳头|长乳头,huge_nipples
大阴茎,huge_penis
大尺寸武器,huge_weapon
拟人化,humanization
羞辱,humiliation
饥饿的,hungry
夫妻,husband_and_wife
紫阳花,hydrangea
催眠|催眠术,hypnosis
冰,ice
冰淇淋,ice_cream
冰淇淋筒,ice_cream_cone
冰块,ice_cube
冰翼,ice_wings
糖霜,icing
学生证|身份证,id_card
眼部打码,identity_censor
偶像,idol
假如这两个角色有孩子了,if_they_mated
在想象的,imagining
快亲上了,imminent_kiss
正要被强奸,imminent_rape
正要进行性行为,imminent_sex
正要被插入的小穴,imminent_vaginal
小恶魔,imp
被刺穿的,impaled
暗示其是扶她,implied_futanari
其实插进去了吧|遮挡了性交的结合处,implied_sex
暗示其是女同性恋,implied_yuri
人体彩绘般的紧身衣,impossible_bodysuit
有不现实的包裹程度的衣服,impossible_clothes
过分紧身的衣服,impossible_dress
人体彩绘般的连身衣,impossible_leotard
贴合程度不合逻辑的衬衫,impossible_shirt
人体彩绘般的泳衣,impossible_swimsuit
受精图,impregnation
在盒子里的|箱内女孩,in_box
(角色)在桶里,in_bucket
(角色)在容器里,in_container
(角色)在杯子里,in_cup
(角色)在食物里,in_food
有某物冲到脸上,in_the_face
乱伦,incest
递食物,incoming_food
递礼物,incoming_gift
等待接吻|献吻,incoming_kiss
食指抬起,index_finger_raised
盘腿坐,indian_style
室内,indoors
无穷|无限符号,infinity
充气筏,inflatable_raft
充气玩具,inflatable_toy
隆起的腹部,inflation
有伤的,injury
墨水|颜料,ink
颜料罐(喷射战士),ink_tank_(splatoon)
直排轮溜冰鞋,inline_skates
泳圈,innertube
昆虫,insect
昆虫翅膀,insect_wings
插入其他镜头或图片,inset
证章,insignia
即堕2格漫画,instant_loss_2koma
乐器,instrument
乐器盒,instrument_case
EVA神经连接器,interface_headset
紧扣的双手,interlocked_fingers
内射断面图,internal_cumshot
跨人种的,interracial
异种奸|异种爱,interspecies
静脉滴注,intravenous_drip
内陷乳头,inverted_nipples
隐形椅子,invisible_chair
隐去阴茎,invisible_penis
iPhone,iphone
iPod,ipod
铁十字架,iron_cross
深喉,irrumatio
so-nanoka(是这样啊的口癖),is_that_so
岛屿,island
意大利国旗,italian_flag
意大利语,italian_text
南瓜灯,jack-o'-lantern
夹克,jacket
用夹克束腰,jacket_around_waist
用夹克披肩,jacket_on_shoulders
脱下夹克|脱下的夹克,jacket_removed
美洲豹尾巴,jaguar_tail
日本,japan
日本铠甲,japanese_armor
日式服装,japanese_clothes
日本国旗,japanese_flag
加帕里馒头,japari_bun
加帕里符号,japari_symbol
罐子,jar
嫉妒的,jealous
牛仔裤,jeans
水母,jellyfish
运动衫,jersey
小丑帽,jester_cap
喷气式飞机,jet
漆黑的骑士王ver新宿1999,jet_black_king_of_knights_ver._shinjuku_1999
蓬莱玉枝,jeweled_branch_of_hourai
珠宝,jewelry
僵尸,jiangshi
铃铛,jingle_bell
轻蔑的眼神,jitome
关节,joints
JOJO立,jojo_pose
盒装饮料,juice_box
朱丽叶袖,juliet_sleeves
跳跃的,jumping
(尤指女式)连衫裤,jumpsuit
KDA组合(英雄联盟),k/da_(league_of_legends)
头盔|甲胄,kabuto
镜饼,kagami_mochi
怪兽,kaijuu
卡米纳墨镜,kamina_shades
神山高中校服,kamiyama_high_school_uniform
鬼金棒,kanabou
cos成鹿目圆,kaname_madoka_(cosplay)
汉字,kanji
簪子,kanzashi
河童,kappa
(烹饪时穿的)罩衫,kappougi
唐伞妖怪,karakasa_obake
卡拉OK,karaoke
乌天狗,karasu_tengu
狩衣,kariginu
日本刀,katana
KEEP-OUT警戒线,keep_out
继续高中军服,keizoku_military_uniform
继续高中校服,keizoku_school_uniform
兽耳模式,kemonomimi_mode
方头巾,kerchief
袈裟,kesa
番茄酱,ketchup
水壶,kettle
钥匙,key
电脑键盘,keyboard_(computer)
键盘乐器,keyboard_(instrument)
钥匙扣,keychain
锁扣,keyhole
要石,keystone
提水板,kickboard
踢,kicking
玩偶装,kigurumi
和服,kimono
掀起和服,kimono_lift
剥开和服,kimono_pull
和服裙,kimono_skirt
幼儿园制服,kindergarten_uniform
杵,kine
国王(国际象棋),king_(chess)
cos成雾雨魔理沙,kirisame_marisa_(cosplay)
烟斗,kiseru
吻|亲吻|接吻,kiss
县立北高校制服|县立北高校(凉宫春日的忧郁),kita_high_school_uniform
厨房,kitchen
妖狐,kitsune
清澄高中校服,kiyosumi_school_uniform
及膝靴,knee_boots
护膝,knee_pads
顶起膝盖,knee_up
及膝袜,kneehighs
跪着,kneeling
膝窝,kneepits
膝盖,knees
膝盖蜷到胸前,knees_on_chest
膝盖顶到胸部,knees_to_chest
双膝并拢双脚分开,knees_together_feet_apart
顶起双膝,knees_up
小刀,knife
骑士,knight
骑士(国际象棋),knight_(chess)
小辣妹,kogal
木叶村标志,konohagakure_symbol
韩服,korean_clothes
韩文,korean_text
被炉,kotatsu
小手,kote
新年问候,kotoyoro
香霖堂天狗装束,kourindou_tengu_costume
苦无,kunai
黑森峰女子学园军服,kuromorimine_military_uniform
黑森峰女子学园校服,kuromorimine_school_uniform
腹当|草摺,kusazuri
九尾|九尾狐,kyuubi
弓道,kyuudou
白大褂,labcoat
阴唇,labia
蕾丝,lace
蕾丝边胸罩,lace-trimmed_bra
蕾丝边连衣裙,lace-trimmed_dress
蕾丝边手套,lace-trimmed_gloves
蕾丝边发带,lace-trimmed_hairband
蕾丝边裤袜,lace-trimmed_legwear
蕾丝边内裤,lace-trimmed_panties
蕾丝边短裙,lace-trimmed_skirt
蕾丝边袖子,lace-trimmed_sleeves
系带靴,lace-up_boots
蕾丝胸罩,lace_bra
蕾丝内裤,lace_panties
蕾丝镶边,lace_trim
母乳|搾乳|喷乳,lactation
隔着衣服泌乳,lactation_through_clothes
梯子,ladder
长柄勺,ladle
瓢虫,ladybug
禁忌“莱瓦汀”,laevatein
湖,lake
蛇娘,lamia
灯,lamp
路灯,lamppost
(古骑兵的)长矛|长枪,lance
景观,landscape
灯笼,lantern
挂绳,lanyard
膝枕,lap_pillow
笔记本电脑,laptop
大乳晕,large_areolae
大蝴蝶结,large_bow
巨乳,large_breasts
大帽子,large_hat
巨根插入,large_insertion
大阴茎,large_penis
大尾巴,large_tail
大翅膀,large_wings
激光,laser
胶衣,latex
乳胶手套,latex_gloves
拉丁式十字架,latin_cross
在笑的,laughing
洗衣店,laundry
桂冠,laurel_crown
分层比基尼,layered_bikini
分层服装,layered_clothing
分层连衣裙,layered_dress
分层的半裙,layered_skirt
分层的衣袖,layered_sleeves
叶子,leaf
叶子发饰,leaf_hair_ornament
头上的叶子,leaf_on_head
叶子印花,leaf_print
叶伞|当伞用的叶子,leaf_umbrella
倚靠|身体倾斜,leaning
身体往后靠,leaning_back
身体前倾,leaning_forward
靠在物体上,leaning_on_object
向一侧倾斜身体,leaning_to_the_side
皮带,leash
皮革,leather
皮靴,leather_boots
皮手套,leather_gloves
皮夹克,leather_jacket
左撇子,left-handed
从左往右读的漫画,left-to-right_manga
腿部系着带子,leg_belt
腿顶在大腿之间,leg_between_thighs
裤袜有开口,leg_cutout
腿环|袜带,leg_garter
抓着腿,leg_grab
腿毛,leg_hair
单腿抬高,leg_lift
用双腿夹住,leg_lock
腿部丝带,leg_ribbon
腿部纹身,leg_tattoo
抬起腿,leg_up
腿套|暖腿袜,leg_warmers
传说宝可梦,legendary_pokemon
紧身裤,leggings
双腿,legs
两腿分开,legs_apart
大腿小腿折起来,legs_folded
双腿抬过头,legs_over_head
双腿并拢,legs_together
双腿抬起,legs_up
短裤穿在裤袜外面,legwear_under_shorts
柠檬,lemon
柠檬片,lemon_slice
镜头光晕,lens_flare
豹纹,leopard_print
豹尾,leopard_tail
紧身连身衣裤|芭蕾服,leotard
把连衣裤裆部剥到一边,leotard_aside
剥开连衣裤,leotard_pull
内层穿着连衣裤,leotard_under_clothes
信,letter
宽银幕格式,letterboxed
棒球服,letterman_jacket
图书馆,library
舔,licking
舔嘴唇,licking_lips
舔阴茎,licking_penis
救生圈,lifebuoy
被对方掀起衣物,lifted_by_another
掀起自己的衣物,lifted_by_self
将人抱起,lifting_person
光,light
有光泽的乳晕,light_areolae
浅蓝色的眼睛,light_blue_eyes
浅蓝色头发,light_blue_hair
淡淡的腮红,light_blush
浅棕色眼睛,light_brown_eyes
茶色头发,light_brown_hair
灯泡,light_bulb
圣光,light_censor
浅绿色头发,light_green_hair
光粒子,light_particles
光照,light_rays
浅笑,light_smile
光线移动的轨迹,light_trail
打火机,lighter
灯塔,lighthouse
闪电,lightning
光剑,lightsaber
百合花,lily_(flower)
铃兰,lily_of_the_valley
睡莲,lily_pad
有限色盘作画,limited_palette
素线画,lineart
一排人,lineup
女式内衣,lingerie
狮子,lion
狮子耳朵,lion_ears
狮子尾巴,lion_tail
咬嘴唇,lip_biting
唇钉,lip_piercing
嘴唇,lips
口红|唇膏,lipstick
口红印,lipstick_mark
口红管,lipstick_tube
液体,liquid
液态头发,liquid_hair
《Listen!!》,listen!!
活体衣服,living_clothes
蜥蜴,lizard
蜥蜴尾巴,lizard_tail
承重背心,load_bearing_vest
乐福鞋,loafers
锁,lock
互挽手臂,locked_arms
储物柜,locker
更衣室,locker_room
枯树干,log
标志,logo
遮裆布,loincloth
洛丽塔时装,lolita_fashion
洛丽塔发带,lolita_hairband
棒棒糖,lollipop
长辫子,long_braid
长外套,long_coat
长连衣裙,long_dress
长指甲,long_fingernails
长发,long_hair
长腿,long_legs
尖尖的长耳朵,long_pointy_ears
长马尾,long_ponytail
长裙,long_skirt
长袖,long_sleeves
长脚趾甲,long_toenails
长舌头,long_tongue
撞脸,look-alike
遥望,looking_afar
看着另一个,looking_at_another
瞄着乳房,looking_at_breasts
看着阴茎,looking_at_penis
看手机,looking_at_phone
看向阅图者,looking_at_viewer
移开视线,looking_away
回眸,looking_back
俯视,looking_down
看向侧面,looking_to_the_side
仰视,looking_up
松散的带子(衣物),loose_belt
松散的领带,loose_necktie
泡泡袜,loose_socks
防晒霜|身体乳,lotion
乳液瓶子,lotion_bottle
莲花,lotus
躺椅,lounge_chair
休闲服,loungewear
情书,love_letter
低扎长发,low-tied_long_hair
低扎马尾,low_ponytail
低扎双尾,low_twintails
腰间的翅膀,low_wings
下半身特写,lower_body
低腰款式,lowleg
低腰比基尼,lowleg_bikini
低腰内裤,lowleg_panties
低腰裤子,lowleg_pants
润滑油,lube
行李,luggage
鲁纳诺娃魔法学校校服,luna_nova_school_uniform
琵琶(乐器),lute_(instrument)
躺着的,lying
躺在人身上,lying_on_person
歌词,lyrics
m4卡宾枪,m4_carbine
m1911型枪,m1911
M字摆腿,m_legs
马卡龙,macaron
权杖,mace
机械,machine
机关枪,machine_gun
机械武装,machinery
三点贴纸,maebari
勾玉,magatama
杂志,magazine
弹匣(武器),magazine_(weapon)
杂志封面,magazine_cover
魔法,magic
魔法阵,magic_circle
魔法少年,magical_boy
魔法少女,magical_girl
魔能枪,magical_musket
魔术师,magician
放大镜,magnifying_glass
麻将,mahjong
麻将牌,mahjong_tile
女仆,maid
女仆围裙,maid_apron
女仆比基尼,maid_bikini
女仆头饰,maid_headdress
化妆,makeup
海苔卷寿司,makizushi
男性特写,male_focus
男性自慰,male_masturbation
男性的阴毛,male_pubic_hair
男用泳裤,male_swimwear
男用内裤,male_underwear
木槌,mallet
麻美断头梗,mami_mogu_mogu
龙人族,manakete
蜜柑,mandarin_orange
图中有漫画,manga_(object)
强壮的,manly
地图,map
枫叶,maple_leaf
记号笔|记号笔写的标记,marker
用记号笔作的画,marker_(medium)
♂,mars_symbol
珍妮鞋,mary_janes
睫毛膏,mascara
吉祥物,mascot
面具,mask
掀到头上的面具,mask_on_head
拉着口罩,mask_pull
摘下的面具,mask_removed
抖M,masochism
大师之剑,master_sword
自慰,masturbation
隔着衣服自慰,masturbation_through_clothing
情侣装,matching_outfit
授精体位,mating_press
肉,meat
机甲,mecha
机娘,mecha_musume
机械臂,mechanical_arms
机械式天使光环,mechanical_halo
机械义足,mechanical_legs
露出机损,mechanical_parts
出芯笔,mechanical_pencil
机械翼,mechanical_wings
机械化,mechanization
医用眼罩,medical_eyepatch
普通罩杯的胸,medium_breasts
中等长发,medium_hair
中等长裙子,medium_skirt
Mega形态宝可梦,mega_pokemon
扩音器,megaphone
明治年间女学生制服,meiji_schoolgirl_uniform
meka(守望先锋),meka_(overwatch)
蜜瓜,melon
菠萝包,melon_bread
融化,melting
meme|模因,meme
ACG流行款服装,meme_attire
菜单,menu
美人鱼,mermaid
圣诞快乐,merry_christmas
邮差包,messenger_bag
身上有凌乱的污渍,messy
凌乱的头发,messy_hair
金属项圈,metal_collar
迷你比基尼,micro_bikini
布料很少的内裤,micro_panties
小尺寸短裤,micro_shorts
小尺寸连衣裙,microdress
麦克风,microphone
麦克风杆,microphone_stand
超短裙,microskirt
中指,middle_finger
腹部,midriff
微微露出腹部,midriff_peek
巫女,miko
军事,military
军帽,military_hat
军装夹克,military_jacket
军事作战员,military_operator
军服,military_uniform
军用载具,military_vehicle
牛奶,milk
奶瓶,milk_bottle
牛奶盒,milk_carton
挤奶器,milking_machine
毫厘笔作画(中号),millipen_(medium)
采耳,mimikaki
洗脑,mind_control
迷你八卦炉,mini-hakkero
迷你皇冠,mini_crown
迷你帽子,mini_hat
迷你礼帽,mini_top_hat
迷你翅膀,mini_wings
小人儿,miniboy
迷你女孩,minigirl
迷你裙,miniskirt
万宝槌,miracle_mallet
镜子,mirror
双色比基尼,mismatched_bikini
双色鞋子,mismatched_footwear
双色手套,mismatched_gloves
双色裤袜,mismatched_legwear
头发和阴毛颜色不一,mismatched_pubic_hair
导弹,missile
正常位,missionary
误会,misunderstanding
见泷原中学校制服,mitakihara_school_uniform
巴纹,mitsudomoe_(shape)
连指手套,mittens
混浴,mixed_bathing
手绘和数绘并存风格,mixed_media
拌料盆,mixing_bowl
二男加一女,mmf_threesome
呻吟,moaning
头巾式室内女帽,mob_cap
麻薯,mochi
中分的阴毛,moderate_pubic_hair
莫霍克发型,mohawk
痣,mole
乳房上有痣,mole_on_breast
脖子上有痣,mole_on_neck
大腿上有痣,mole_on_thigh
眼角有痣,mole_under_eye
嘴角有痣|美人痣,mole_under_mouth
性骚扰,molestation
熔岩,molten_rock
钱,money
显示器,monitor
猴子,monkey
猴耳,monkey_ears
猴尾,monkey_tail
单色画,monochrome
单色背景,monochrome_background
单片眼镜,monocle
怪物,monster
亚人,monster_boy
人外娘,monster_girl
魔物化,monsterification
月亮,moon
月光,moonlight
拖把,mop
早晨,morning
牵牛花,morning_glory
打了马赛克,mosaic_censoring
苔藓,moss
母女,mother_and_daughter
母子,mother_and_son
母性,motherly
运动导致的模糊,motion_blur
体现运动的线,motion_lines
机动载具,motor_vehicle
摩托车,motorcycle
摩托头盔,motorcycle_helmet
富士山,mount_fuji
山,mountain
山地地平线,mountainous_horizon
老鼠,mouse
鼠标,mouse_(computer)
老鼠耳朵,mouse_ears
鼠娘,mouse_girl
鼠尾巴,mouse_tail
嘴,mouth
嘴角画着口水滴形状的缺口,mouth_drool
用嘴叼着,mouth_hold
口罩,mouth_mask
面纱,mouth_veil
带柄的杯子|马克杯,mug
姆Q,mukyuu
细带款比基尼,multi-strapped_bikini
头发绑着多条系带,multi-tied_hair
多彩的,multicolored
多色背景,multicolored_background
多色款比基尼,multicolored_bikini
多色款连体衣,multicolored_bodysuit
多色款斗篷,multicolored_cape
多色款衣服,multicolored_clothes
多色款连衣裙,multicolored_dress
有多种颜色的眼睛,multicolored_eyes
多色款手套,multicolored_gloves
多色的头发,multicolored_hair
多色款腿部服饰,multicolored_legwear
多彩指甲,multicolored_nails
多彩皮肤,multicolored_skin
多色款裙子,multicolored_skirt
多彩的条纹,multicolored_stripes
有多种颜色的翅膀,multicolored_wings
多列四格漫画,multiple_4koma
多只蝴蝶结,multiple_bows
多个男孩,multiple_boys
多股(麻花)辫,multiple_braids
多部作品的角色或元素同框,multiple_crossover
多个耳环,multiple_earrings
多人口交,multiple_fellatio
多个女孩,multiple_girls
头发上有多只蝴蝶结,multiple_hair_bows
多足角色,multiple_legs
多个单色结构拼接成的,multiple_monochrome
多个性别暧昧的角色,multiple_others
两个女性(两对胸)进行乳交,multiple_paizuri
阴茎包围网,multiple_penises
多重形象的角色,multiple_persona
多人骑着车,multiple_riders
多条尾巴,multiple_tails
多角度|多姿势,multiple_views
多对翅膀,multiple_wings
木乃伊,mummy
超能力或魔法用于日常使用,mundane_utility
胸甲,muneate
肌肉发达的女性,muscular_female
蘑菇,mushroom
音乐,music
音符,musical_note
音符发饰,musical_note_hair_ornament
胡子,mustache
哑光,muted_color
枪口火光,muzzle_flash
神兽(口袋妖怪),mythical_pokemon
薙刀,naginata
钉子|指甲,nail
美甲,nail_art
指甲油,nail_polish
裸体围裙,naked_apron
裸体且裹着绷带,naked_bandage
裸体且披着斗篷,naked_cape
裸体且披着大衣,naked_coat
裸体且穿着连帽衫,naked_hoodie
裸体且穿着和服,naked_kimono
裸体且穿着工作服,naked_overalls
裸体且缠着丝带,naked_ribbon
裸体且裹着围巾,naked_scarf
裸体且裹着被子,naked_sheet
裸体且穿着衬衫,naked_shirt
裸体毛衣,naked_sweater
裸体且穿着搭肩衫,naked_tabard
裸体且裹着毛巾,naked_towel
记名牌,name_tag
人与人的同名梗,namesake
波路中学校服,nami_junior_high_school_uniform
七色丘中学校服,nanairogaoka_middle_school_uniform
七森中学校服,nanamori_school_uniform
nanodesu(口癖),nanodesu_(phrase)
私立直江津高校制服,naoetsu_high_school_uniform
脖颈,nape
妖娆的腰,narrow_waist
新大岛学园校服,national_shin_ooshima_school_uniform
印第安人,native_american
"《夏色えがおで1,2,Jump!》",natsuiro_egao_de_1_2_jump!
大自然,nature
下流的表情,naughty_face
海军制服,naval_uniform
肚脐,navel
服装上有露出肚脐的开口,navel_cutout
脐钉,navel_piercing
海军蓝腿部服饰,navy_blue_legwear
只穿着内衣(或泳衣)和围裙,nearly_naked_apron
脖子,neck
颈部系着缎带,neck_ribbon
颈环,neck_ring
波浪褶边的领子,neck_ruff
领巾,neckerchief
项链,necklace
领带,necktie
领带贴(夹)在乳沟里,necktie_between_breasts
抓着领带,necktie_grab
抓着颈部的衣服,neckwear_grab
针,needle
睡袍,negligee
猫又,nekomata
年贺状,nengajou
霓虹灯效果,neon_trim
不安的,nervous
不安地微笑,nervous_smile
网,net
NTR,netorare
新式死库水,new_school_swimsuit
新年,new_year
人妖,newhalf
报纸,newspaper
蘸水笔画风,nib_pen_(medium)
夜,night
夜空,night_sky
睡帽,nightcap
睡衣,nightgown
日本画,nihonga
耐克,nike
忍者,ninja
任天堂3ds,nintendo_3ds
任天堂ds,nintendo_ds
任天堂switch,nintendo_switch
乳头打了码,nipple_censor
乳头夹,nipple_clamps
乳头穿刺,nipple_piercing
乳环,nipple_rings
乳头走光,nipple_slip
玩弄乳头,nipple_tweak
能露出乳头的衣物,nippleless_clothes
乳头,nipples
去掉了(原设有的)蒙眼要素,no_blindfold
没穿胸罩,no_bra
去掉了(原设有的)眼罩,no_eyepatch
没画出眼睛,no_eyes
去掉了(原设有的)眼镜,no_eyewear
去掉了(原设有的)手套,no_gloves
去掉了(原设有的)帽子,no_hat
去掉了(原设有的)头饰,no_headwear
不含人类,no_humans
没画出腿,no_legs
裆胯以下裸着,no_legwear
几乎没用勾线的画,no_lineart
没画出嘴,no_mouth
没画出乳头,no_nipples
没画出鼻子,no_nose
下半身真空,no_panties
没穿着裤子和裙子,no_pants
没画出瞳孔,no_pupils
裸着裆部但没画小穴,no_pussy
没穿衬衫,no_shirt
没穿鞋,no_shoes
没穿袜子,no_socks
没画睾丸,no_testicles
去掉了(原设有的)翅膀,no_wings
能面,noh_mask
改款过的日本服饰,nontraditional_miko
面条,noodles
套索,noose
鼻子,nose
鼻子发红,nose_blush
鼻涕泡,nose_bubble
柴刀,nose_hatchet
鼻子有穿孔,nose_piercing
流鼻血,nosebleed
笔记本,notebook
便条簿,notepad
表示角色注意到了什么的线条,notice_lines
小说封面,novel_cover
恶搞的马赛克,novelty_censor
裸体,nude
裸体封面,nude_cover
数字,number
编号纹身,number_tattoo
编号,numbered
序印者(魔法少女奈叶),numbers_(nanoha)
修女,nun
护士,nurse
护士帽,nurse_cap
喂奶手交,nursing_handjob
o3o,o3o
带O型环的衣物,o-ring
带O型环的比基尼,o-ring_bikini
带O型环的下装,o-ring_bottom
带O型环的上衣,o-ring_top
o_o,o_o
便当,obentou
和服腰带,obi
抱着某物,object_hug
异物插入,object_insertion
人与物的同名梗,object_namesake
头上有非头饰类的物体,object_on_head
物品化,objectification
海,ocean
章鱼士兵,octarian
章鱼,octopus
钉宫信长,oda_uri
有个异类,odd_one_out
简朴的画作,oekaki
露肩连衣裙,off-shoulder_dress
露肩夹克,off-shoulder_jacket
露肩衬衫,off-shoulder_shirt
露肩毛衣,off-shoulder_sweater
露肩式,off_shoulder
办公室,office
办公椅,office_chair
办公室女职员,office_lady
原作画风|官方画风,official_style
符纸,ofuda
衣服上贴着符纸,ofuda_on_clothes
OK手势,ok_sign
尤指米斯蒂娅·萝蕾拉的形象,okamisty
老人,old_man
旧式死库水,old_school_swimsuit
老妇,old_woman
老化,older
守旧派画风,oldschool
煎蛋卷,omelet
蛋包饭,omurice
仰躺,on_back
在床上,on_bed
坐在椅子上,on_chair
在沙发上,on_couch
在书桌上,on_desk
在地板上,on_floor
在地上,on_ground
在头上,on_head
在膝盖上,on_lap
在人身上,on_person
在肩上,on_shoulder
侧卧,on_side
趴着,on_stomach
在桌子上,on_table
在交通工具上,on_vehicle
御柱,onbashira
独眼,one-eyed
一体式泳衣,one-piece_swimsuit
泳衣晒痕,one-piece_tan
露出一只乳房,one_breast_out
闭着一只眼,one_eye_closed
一只眼被遮住,one_eye_covered
单膝跪,one_knee
只扎了一边的头发,one_side_up
鬼,oni
鬼角,oni_horns
鬼面,oni_mask
饭团,onigiri
阴阳师,onmyouji
拟声词,onomatopoeia
温泉,onsen
大洗联队徽章,ooarai_(emblem)
大洗联队军装,ooarai_military_uniform
大洗联队军服,ooarai_school_uniform
祓串,oonusa
大太刀|野太刀,ootachi
没透出眼睛的眼镜,opaque_glasses
胸部开口的毛衣,open-chest_sweater
翻开的书,open_book
(前面)解开的胸罩,open_bra
敞开的衣服,open_clothes
敞开式外套,open_coat
解开的衣领,open_collar
开门,open_door
解开的裤子拉链,open_fly
张开的手,open_hand
敞开的连帽衫,open_hoodie
敞开的夹克,open_jacket
敞开的和服,open_kimono
张嘴的,open_mouth
敞开的衬衫,open_shirt
敞开的短裤,open_shorts
敞开的裙子,open_skirt
敞开的背心,open_vest
打开的窗户,open_window
开门,opening_door
巨乳萝莉,oppai_loli
用嘴,oral
迎接射精而伸出舌头,oral_invitation
橙色背景,orange_background
橙色比基尼,orange_bikini
橙色紧身衣,orange_bodysuit
橙色蝴蝶结,orange_bow
橙色项圈,orange_choker
橙色连衣裙,orange_dress
橙色的眼镜,orange_eyes
橙色的花,orange_flower
橙色鞋类,orange_footwear
橙色的手套,orange_gloves
橙色头发,orange_hair
橙色发带,orange_hairband
橙色头饰,orange_headwear
橙色夹克,orange_jacket
橙色和服,orange_kimono
橙色裤袜,orange_legwear
橙色指甲,orange_nails
橙色领子,orange_neckwear
橙色内裤,orange_panties
橙色丝带,orange_ribbon
橙色水手领,orange_sailor_collar
橙色围巾,orange_scarf
橙色发束,orange_scrunchie
橙色衬衫,orange_shirt
橙色短裤,orange_shorts
橙色短裙,orange_skirt
橙色的天空,orange_sky
片橙,orange_slice
橙色,orange_theme
球体,orb
半兽人,orc
高潮|绝顶,orgasm
乱交,orgy
折纸,origami
阿宅|御宅族,otaku
性别不定的非人角色,other_focus
女装少年|伪娘,otoko_no_ko
国立音乃木坂学院女子制服,otonokizaka_school_uniform
关键部位在画面外,out-of-frame_censoring
不符角色原本性格,out_of_character
画里只有一部分,out_of_frame
户外|野战,outdoors
角色形象有描边,outline
一部分画到了背景框外面,outside_border
伸出手臂,outstretched_arm
伸出双臂,outstretched_arms
伸出的手,outstretched_hand
隔热手套,oven_mitts
过膝,over-kneehighs
下半无框眼镜,over-rim_eyewear
扛在肩上,over_shoulder
工作服,overalls
大衣,overcoat
精液溢出(未拔出),overflow
杂草丛生,overgrown
巨大生物,oversized_animal
过大号的衣服,oversized_clothes
大件物体,oversized_object
过大号衬衫,oversized_shirt
外裙|套裙,overskirt
卵子,ovum
猫头鹰,owl
双手合十,own_hands_together
P90,p90
奶嘴,pacifier
桨,paddle
挂锁,padlock
页码,page_number
宝塔,pagoda
疼痛,pain
油漆|涂料|颜料,paint
溅上了涂料,paint_splatter
画笔,paintbrush
绘画,painting
绘画,painting_(object)
乳交,paizuri
着衣乳交,paizuri_under_clothes
睡衣,pajamas
苍白的颜色,pale_color
苍白的皮肤,pale_skin
调色板,palette
椰树,palm_tree
手掌,palms
薄饼,pancake
熊猫,panda
女性穿着西服,pant_suit
内裤|短裤|裤袜,panties
一只脚上挂着内裤,panties_around_one_leg
内裤挪到一边,panties_aside
头上套着内裤,panties_on_head
内裤已被脱下,panties_removed
穿在灯笼裤里的内裤,panties_under_buruma
穿在裤袜里的内裤,panties_under_pantyhose
裤子,pants
褪下裤子,pants_down
拉着裤子,pants_pull
卷起裤脚,pants_rolled_up
把内裤往上扯,panty_lift
微微露出内裤,panty_peek
拉下来的内裤,panty_pull
连裤袜|裤袜,pantyhose
褪下的裤袜,pantyhose_pull
紧致的裤袜|略透明的裤袜,pantylines
内裤走光,pantyshot
四号战车,panzerkampfwagen_iv
高加索元素,papakha
纸张,paper
纸飞机,paper_airplane
纸袋,paper_bag
纸鹤,paper_crane
纸扇,paper_fan
提灯,paper_lantern
帕拉迪岛军装,paradis_military_uniform
阳伞,parasol
冷糕,parfait
公园,park
风雪外套,parka
模仿捏他别的作品及人物,parody
鹦鹉,parrot
分开的刘海,parted_bangs
张开的嘴唇,parted_lips
部分上色,partially_colored
部分淹没,partially_submerged
解开部分纽扣,partially_unbuttoned
只拉上部分拉链,partially_unzipped
可以看见一部分肛门,partially_visible_anus
可以看见一部分外阴,partially_visible_vulva
派对帽,party_hat
派对拉炮,party_popper
意大利面食,pasta
像粉笔蜡笔作画的,pastel_(medium)
乳贴,pasties
油酥糕点,pastry
补丁,patch
路径,path
打了patreon的logo,patreon_logo
有patreon用户名,patreon_username
护肩,pauldrons
路面,pavement
兽爪手套,paw_gloves
爪子姿势,paw_pose
爪印图案,paw_print
兽爪鞋,paw_shoes
爪子,paws
☮(东方仗助衣服上有),peace_symbol
桃,peach
类似警帽的帽子,peaked_cap
珍珠,pearl_(gemstone)
珍珠项链,pearl_necklace
胸肌,pectorals
尿,pee
撒尿|失禁,peeing
尿到了自己(身体上)衣服上,peeing_self
偷窥,peeking
偷窥(的姿态),peeking_out
偷窥(强调视角),peeping
天马,pegasus
天马骑士,pegasus_knight
旗袍类衣物的前摆,pelvic_curtain
笔,pen
铅笔,pencil
铅笔裙,pencil_dress
短铅笔裙,pencil_skirt
吊坠,pendant
企鹅,penguin
企鹅帽,penguin_hood
阴茎,penis
亮“枪”,penis_awe
抓着阴茎,penis_grab
阴茎勾着内裤,penis_in_panties
阴茎贴着脸,penis_on_face
三角旗,pennant
五芒星印,pentacle
五角星,pentagram
会阴,perineum
丰满的乳房,perky_breasts
垂直位乳交,perpendicular_paizuri
小人儿在头上,person_on_head
人格替换,personality_switch
拟人化,personification
用了透视画法,perspective
变态,pervert
宠物,pet
宠物碗,pet_bowl
宠物play,pet_play
花瓣,petals
水面上漂着花瓣,petals_on_liquid
娇小的,petite
衬裙,petticoat
抚摸,petting
用来暗示阴茎,phallic_symbol
包茎,phimosis
电话|手机,phone
手机屏幕,phone_screen
留声机,phonograph
照片,photo
照片,photo_(object)
照片为背景,photo_background
很像照片的画,photorealistic
钢琴,piano
野餐,picnic
野餐篮,picnic_basket
图中有照片或其他图片,picture_(object)
相框,picture_frame
馅饼,pie
突码头,pier
穿洞,piercing
猪,pig
萌向的内八腿,pigeon-toed
驮着,piggyback
药丸,pill
药丸样式的耳环,pill_earrings
柱子,pillar
柱状画布背景,pillarboxed
枕头,pillow
抓着枕头,pillow_grab
睡帽,pillow_hat
抱枕,pillow_hug
驾驶员,pilot
驾驶员专用服,pilot_suit
背心裙|无袖连衣裙,pinafore_dress
夹鼻眼镜|无脚眼镜,pince-nez
掐,pinching
掐袖子,pinching_sleeves
粉色镜框眼镜,pink-framed_eyewear
粉色围裙,pink_apron
粉色背景,pink_background
粉色比基尼,pink_bikini
粉色上衣,pink_blouse
粉色紧身衣,pink_bodysuit
粉色蝴蝶结,pink_bow
粉色胸罩,pink_bra
粉色开口衬衫,pink_cardigan
粉色项圈,pink_choker
粉色外套,pink_coat
粉色颈圈,pink_collar
粉色连衣裙,pink_dress
粉红色的眼睛,pink_eyes
粉红色的花,pink_flower
粉色鞋类,pink_footwear
粉色手套,pink_gloves
粉红色的头发,pink_hair
粉色发带,pink_hairband
粉色袴,pink_hakama
粉色头饰,pink_headwear
粉色连帽衫,pink_hoodie
粉色夹克,pink_jacket
粉色和服,pink_kimono
粉色裤袜,pink_legwear
粉色连身衣,pink_leotard
粉色的嘴唇,pink_lips
粉红唇膏,pink_lipstick
粉色指甲,pink_nails
粉色领子,pink_neckwear
粉色内裤,pink_panties
粉色裤子,pink_pants
粉色丝带,pink_ribbon
粉红玫瑰,pink_rose
粉色水手领,pink_sailor_collar
粉色围巾,pink_scarf
粉色发束,pink_scrunchie
粉色衬衫,pink_shirt
粉色短裤,pink_shorts
粉色皮肤,pink_skin
粉色短裙,pink_skirt
粉色袖子,pink_sleeves
粉色毛衣,pink_sweater
粉色泳衣,pink_swimsuit
粉色主题,pink_theme
粉色毛巾,pink_towel
粉色背心,pink_vest
粉色翅膀,pink_wings
伸出小拇指,pinky_out
细条纹图案,pinstripe_pattern
管子,pipe
管道,pipes
海盗,pirate
海盗帽,pirate_hat
手枪,pistol
木髓遮阳帽,pith_helmet
像素绘,pixel_art
像素化,pixelated
披萨,pizza
格子呢图案,plaid
格子呢背景,plaid_background
格子呢比基尼,plaid_bikini
格子呢蝴蝶结,plaid_bow
格子呢连衣裙,plaid_dress
格子呢领子,plaid_neckwear
格子呢内裤,plaid_panties
格子呢裤子,plaid_pants
格子呢围巾,plaid_scarf
格子呢衬衫,plaid_shirt
格子呢短裙,plaid_skirt
格子呢背心,plaid_vest
行星,planet
植物,plant
娘化植物,plant_girl
足底屈曲,plantar_flexion
往地上插的剑,planted_sword
往地上插的武器,planted_weapon
塑料袋,plastic_bag
盘子,plate
板甲,plate_armor
平台鞋,platform_footwear
白金色头发,platinum_blonde_hair
兔女郎连身衣,playboy_bunny_leotard
2P玩家角色风格颜色替换,player_2
在玩耍的,playing
扑克牌,playing_card
打游戏,playing_games
演奏乐器,playing_instrument
掌机,playstation_portable
百褶连衣裙,pleated_dress
百褶裙,pleated_skirt
拨片,plectrum
EVA驾驶员服,plugsuit
身材丰满的,plump
深领,plunging_neckline
口袋,pocket
怀表,pocket_watch
百奇,pocky
百奇日,pocky_day
百奇游戏,pocky_kiss
指示棒,pointer
用手指着,pointing
指着自己,pointing_at_self
指向看图的人,pointing_at_viewer
向上指,pointing_up
敷衍的打码,pointless_censoring
有套子但还是内射了,pointless_condom
妖精耳,pointy_ears
尖头鞋,pointy_footwear
带着尖角的发型,pointy_hair
精灵球,poke_ball
基础红白精灵球,poke_ball_(basic)
精灵球图案,poke_ball_print
精灵球主题,poke_ball_theme
宝可梦图鉴编号,pokedex_number
口袋妖怪(生物)|宝可梦,pokemon_(creature)
头上的口袋妖怪,pokemon_on_head
肩上的口袋妖怪,pokemon_on_shoulder
扑克筹码,poker_chip
戳,poking
极地迦勒底制服,polar_chaldea_uniform
杆子,pole
钢管舞,pole_dancing
长柄武器,polearm
警察,police
警服,police_uniform
女警,policewoman
圆斑点,polka_dot
圆斑背景,polka_dot_background
圆斑比基尼,polka_dot_bikini
圆斑蝴蝶结,polka_dot_bow
圆斑胸罩,polka_dot_bra
圆斑裤袜,polka_dot_legwear
圆斑内裤,polka_dot_panties
圆斑发束,polka_dot_scrunchie
圆斑泳衣,polka_dot_swimsuit
马球衫,polo_shirt
波洛斯皇冠,polos_crown
小绒球(衣物挂件),pom_pom_(clothes)
蓬帕杜发型,pompadour
穗饰披巾|雨披,poncho
池塘,pond
马尾,ponytail
泳池,pool
泳池扶梯,pool_ladder
在泳池边,poolside
爆米花,popcorn
竖起来的衣领,popped_collar
冰棒|棒冰,popsicle
门廊,porch
道士帽,porkpie_hat
色情刊物|色情片,pornography
半身像,portrait
姿势,pose
海报,poster_(object)
锅,pot
土豆,potato
薯片,potato_chips
药水,potion
盆栽,potted_plant
(贴身的)小袋,pouch
浇注|倾倒,pouring
撅嘴,pout
第一人称视角,pov
看向裤裆的视角,pov_crotch
手伸来方向的视角,pov_hands
动力装甲,power_armor
电线,power_lines
动能服,power_suit
电源符号,power_symbol
真理学院军装,pravda_military_uniform
真理学院校服,pravda_school_uniform
念珠,prayer_beads
祈祷,praying
先走汁,precum
怀孕,pregnant
活体头发|可念动的头发,prehensile_hair
(性诱惑)展示,presenting
牧师,priest
公主,princess
公主抱,princess_carry
印花比基尼,print_bikini
印花蝴蝶结,print_bow
印花胸罩,print_bra
印花连衣裙,print_dress
印花手套,print_gloves
印花头饰,print_headwear
印花和服,print_kimono
印花裤袜,print_legwear
印花马克杯,print_mug
印花领带,print_neckwear
印花内裤,print_panties
印花沙滩裙,print_sarong
印花衬衫,print_shirt
印花短裙,print_skirt
植入广告,product_placement
亵渎,profanity
侧颜,profile
类似海报或杂志的插图效果,projected_inset
精液射到空中,projectile_cum
俯卧后入,prone_bone
螺旋桨,propeller
假肢,prosthesis
卖春,prostitution
阴毛,pubic_hair
从衣物里露出一部分阴毛,pubic_hair_peek
淫纹,pubic_tattoo
公开场所(性交),public
野外露出,public_nudity
公用|肉便器|公交车,public_use
撅起的嘴唇,puckered_lips
布丁,pudding
水坑,puddle
斜纹泡泡袖,puff_and_slash_sleeves
蓬蓬的袖子,puffy_detached_sleeves
蓬蓬的长袖,puffy_long_sleeves
勃起的乳头,puffy_nipples
蓬蓬的短袖,puffy_short_sleeves
蓬蓬的短裤,puffy_shorts
蓬蓬的袖子,puffy_sleeves
被另一个人拉(或拉衣物),pulled_by_another
拉下自己的衣物,pulled_by_self
拉,pulling
南瓜,pumpkin
南瓜发饰,pumpkin_hair_ornament
低胸装高跟鞋打扮,pumps
双关语,pun
挥拳,punching
木偶|手偶,puppet
小狗,puppy
紫框眼镜,purple-framed_eyewear
紫色背景,purple_background
紫色比基尼,purple_bikini
紫色紧身衣,purple_bodysuit
紫色蝴蝶结,purple_bow
紫色胸罩,purple_bra
紫色斗篷,purple_cape
紫色项圈,purple_choker
紫色外套,purple_coat
紫色连衣裙,purple_dress
紫色的眼睛,purple_eyes
紫色的花,purple_flower
紫色鞋类,purple_footwear
紫色手套,purple_gloves
紫色头发,purple_hair
紫色发带,purple_hairband
紫色的袴,purple_hakama
紫色头饰,purple_headwear
紫色夹克,purple_jacket
紫色和服,purple_kimono
紫色裤袜,purple_legwear
紫色连身衣,purple_leotard
紫色的嘴唇,purple_lips
紫色指甲,purple_nails
紫色领子,purple_neckwear
紫色内裤,purple_panties
紫色长裤,purple_pants
紫色丝带,purple_ribbon
紫玫瑰,purple_rose
紫色水手领,purple_sailor_collar
紫色围巾,purple_scarf
紫色发束,purple_scrunchie
紫色衬衫,purple_shirt
紫色短裤,purple_shorts
紫色皮肤,purple_skin
紫色裙子,purple_skirt
紫色的天空,purple_sky
紫色的袖子,purple_sleeves
紫色毛衣,purple_sweater
紫色泳衣,purple_swimsuit
紫色,purple_theme
紫色雨伞,purple_umbrella
紫色背心,purple_vest
紫色翅膀,purple_wings
推搡,pushing
小穴,pussy
爱液|淫水,pussy_juice
爱液流成的滩,pussy_juice_puddle
衣物上有爱液的水渍,pussy_juice_stain
拉丝的爱液,pussy_juice_trail
微微渗出的爱液,pussy_peek
清代官帽,qing_guanmao
四股辫子的发型,quad_tails
四分之一音符,quarter_note
皇后(国际象棋),queen_(chess)
羽毛笔,quill
箭筒,quiver
点兔兔之家制服,rabbit_house_uniform
浣熊耳朵,raccoon_ears
浣熊娘,raccoon_girl
浣熊尾巴,raccoon_tail
赛车女郎,race_queen
球拍,racket
辐射符号,radiation_symbol
收音机,radio
无线电天线,radio_antenna
连肩衣袖,raglan_sleeves
用手扶着,railing
轨道,railroad_tracks
雷门高中,raimon
雷门足球队服,raimon_soccer_uniform
雨,rain
彩虹,rainbow
彩虹背景,rainbow_background
彩虹发,rainbow_hair
彩虹色序排列,rainbow_order
雨衣,raincoat
扬起的眉毛,raised_eyebrow
扬起的双眉,raised_eyebrows
举起的拳头,raised_fist
拉面,ramen
波子汽水,ramune
小学书包,randoseru
日式英语,ranguage
强奸|轮奸|凌辱,rape
一副要强奸人的表情,rape_face
西洋剑,rapier
镭射枪,ray_gun
从背后伸手过来刺激性伴侣,reach-around
(有目的地)伸手,reaching
朝画外伸手,reaching_out
阅读,reading
准备拔刀的姿势,ready_to_draw
有具体现实的画,real_life_insert
画有现实世界地标,real_world_location
写实的,realistic
斜倒斜躺姿势,reclining
竖笛,recorder
●REC,recording
红框眼镜,red-framed_eyewear
红色盔甲,red_armor
红色背景,red_background
红色腰带,red_belt
红色比基尼,red_bikini
红色紧身衣,red_bodysuit
红色边框,red_border
红色蝴蝶结,red_bow
红色胸罩,red_bra
红色灯笼裤,red_buruma
红色斗篷,red_cape
红色披肩,red_capelet
红色项圈,red_choker
红色披风,red_cloak
红色外套,red_coat
红色颈圈,red_collar
红十字,red_cross
红色连衣裙,red_dress
红眼睛,red_eyes
红色的花,red_flower
红色鞋类,red_footwear
红色手套,red_gloves
红发,red_hair
红色发带,red_hairband
绯袴,red_hakama
红色头带,red_headband
红色头饰,red_headwear
红帽,red_hood
红色的角,red_horns
红色夹克,red_jacket
红色和服,red_kimono
红色裤袜,red_legwear
红色连身衣,red_leotard
朱唇,red_lips
红色唇膏,red_lipstick
血月,red_moon
红色指甲,red_nails
红色领子,red_neckwear
红色内裤,red_panties
红色裤子,red_pants
红色瞳孔,red_pupils
红色丝带,red_ribbon
红色绳子,red_rope
红玫瑰,red_rose
红色水手领,red_sailor_collar
红色束腰,red_sash
红色围巾,red_scarf
红色巩膜,red_sclera
红色发束,red_scrunchie
红色衬衫,red_shirt
红色短裤,red_shorts
红色皮肤,red_skin
红色裙子,red_skirt
红色的天空,red_sky
红色的袖子,red_sleeves
红色的毛衣,red_sweater
红色泳衣,red_swimsuit
红色|红色主题,red_theme
红色的伞,red_umbrella
红色背心,red_vest
红色翅膀,red_wings
反射|倒映,reflection
反光的眼睛,reflective_eyes
反光地板,reflective_floor
冰箱,refrigerator
(乳头)激凸,rei_no_himo
驯鹿,reindeer
驯鹿角,reindeer_antlers
缰绳,reins
改三|改二|改,remodel_(kantai_collection)
遥控器,remote_control
震动遥控器,remote_control_vibrator
餐厅,restaurant
拘束,restrained
改造(碧蓝航线),retrofit_(azur_lane)
暴露的穿着,revealing_clothes
逆兔女郎,reverse_bunnysuit
背面骑乘位,reverse_cowgirl_position
反握,reverse_grip
对原款服装反向使用布料,reverse_outfit
腿下握颈肛交,reverse_suspended_congress
男装|男装丽人,reverse_trap
背面座体位,reverse_upright_straddle
左轮手枪,revolver
棱纹紧身衣,ribbed_bodysuit
棱纹连衣裙,ribbed_dress
棱纹连身衣,ribbed_leotard
棱纹衬衫,ribbed_shirt
棱纹袖子,ribbed_sleeves
棱纹毛衣,ribbed_sweater
丝带|缎带,ribbon
缎带饰边短裙,ribbon-trimmed_skirt
缎带饰边袖子,ribbon-trimmed_sleeves
被丝带捆住|人捆成礼物的样子,ribbon_bondage
缎带项圈,ribbon_choker
嘴里叼着丝带,ribbon_in_mouth
缎带饰边,ribbon_trim
肋骨,ribs
米,rice
碗,rice_bowl
脸上沾着米饭,rice_on_face
盛饭勺,rice_spoon
骑,riding
马术马鞭,riding_crop
步枪,rifle
舰装,rigging
无框眼镜,rimless_eyewear
戒指,ring
将受虐者的嘴固定成O字,ring_gag
圈圈眼,ringed_eyes
垂下的长鬈发,ringlets
涟漪|波纹,ripples
旭日旗,rising_sun
笏板,ritual_baton
河,river
リヨ画风,riyo_(lyomsnpmp)_(style)
路,road
路标,road_sign
礼袍,robe
机器人,robot
机械耳,robot_ears
机械关节,robot_joints
岩石,rock
火箭,rocket
火箭筒,rocket_launcher
杆,rod
悔悟棒,rod_of_remorse
角色转换,role_reversal
旱冰鞋,roller_skates
翻白眼,rolling_eyes
罗马音,romaji_text
屋顶,rooftop
战车(国际象棋),rook_(chess)
房间,room
绳,rope
玫瑰|蔷薇,rose
玫瑰花瓣,rose_petals
玫瑰印花,rose_print
对称旋转|《少女革命》女同转圈圈,rotational_symmetry
圆底烧瓶,round-bottom_flask
圆形眼镜,round_eyewear
动漫里的没有缝的牙齿,round_teeth
圆窗,round_window
背景或画框是圆角,rounded_corners
橡胶靴,rubber_boots
浴缸小黄鸭,rubber_duck
揉眼睛,rubbing_eyes
瓦砾,rubble
红宝石,ruby_(gemstone)
舰C舰娘专用鞋,rudder_footwear
小地毯,rug
废墟,ruins
尺子,ruler
符文,runes
奔跑,running
俄语,russian_text
被重度(性)虐待的女性,ryona
陵樱学园制服,ryouou_school_uniform
军刀(武器),saber_(weapon)
麻布,sack
悲伤的,sad
马鞍,saddle
曲别针,safety_pin
(因俯身而)下垂的乳房,sagging_breasts
水手服,sailor
水手服款比基尼,sailor_bikini
水手领,sailor_collar
水手服款裙子,sailor_dress
水手帽,sailor_hat
水冰月重绘挑战,sailor_moon_redraw_challenge
美少女战士,sailor_senshi
美少女战士制服,sailor_senshi_uniform
水手服款衬衫,sailor_shirt
战斗服(龙珠),saiyan_armor
盃,sakazuki
酒,sake
酒瓶,sake_bottle
栅川中学校服,sakugawa_school_uniform
樱丘女子高等学校校服,sakuragaoka_high_school_uniform
唾液,saliva
唾液拉丝,saliva_trail
敬礼,salute
样图,sample
武士,samurai
沙,sand
沙雕,sand_sculpture
凉鞋,sandals
脱下凉鞋,sandals_removed
三明治,sandwich
三人夹三明治,sandwiched
铁血工造(少女前线),sangvis_ferri
三白眼,sanpaku
三花团子,sanshoku_dango
圣诞老人靴,santa_boots
圣诞老人服装,santa_costume
圣诞帽,santa_hat
蓝宝石,sapphire_(gemstone)
裹胸布,sarashi
莎笼|沙滩浴巾,sarong
饰带|日式束腰,sash
背包,satchel
茶杯托,saucer
桑德斯军装,saunders_military_uniform
桑德斯附高校服,saunders_school_uniform
香肠,sausage
纱绫形,sayagata
鞘,scabbard
鳞片,scales
伤痕,scar
眼睛上的疤痕,scar_across_eye
脸颊上的疤痕,scar_on_cheek
害怕的,scared
围巾,scarf
红魔馆,scarlet_devil_mansion
风景,scenery
笏,scepter
学校,school
书包,school_bag
课堂椅,school_chair
课桌,school_desk
通学帽,school_hat
校内泳衣|死库水,school_swimsuit
校服,school_uniform
近未来|sf|科幻,science_fiction
片太刀铗,scissor_blade
剪刀,scissors
小型摩托车,scooter
瞄准镜,scope
怒视|嫌弃的眼神|不满的眼神,scowl
划痕|皮肤上的浅伤,scratches
尖叫|大声喊,screaming
屏幕,screen
屏幕色调纹理滤镜,screentones
螺丝钉,screw
螺丝刀,screwdriver
卷轴,scroll
发束,scrunchie
大镰刀,scythe
密封罐|封印,seal
有接缝的裤袜,seamed_legwear
探照灯,searchlight
海贝,seashell
同季度动画角色模仿,season_connection
海藻,seaweed
诱人的微笑,seductive_smile
半透明的|可透过看到里层衣物|因沾湿而变透明,see-through
通过透光的织物看到人体轮廓,see-through_silhouette
半透的袖子,see-through_sleeves
青海波(日本古画素材),seigaiha
《星间飞行》,seikan_hikou
圣祥大附小学校校服,seishou_elementary_school_uniform
正坐,seiza
女性自慰,self_fondle
(同一人但不同版本或形象)自攻自受,selfcest
无上框眼镜,semi-rimless_eyewear
深棕色|乌贼墨色,sepia
水手服,serafuku
严肃的,serious
薮猫尾巴,serval_tail
节分习俗,setsubun
断下来的头,severed_head
缝纫,sewing
性交,sex
泛指从身后插入的体位,sex_from_behind
机械奸,sex_machine
性爱玩具,sex_toy
六人组,sextuplets
性暗示,sexually_suggestive
手铐|镣铐|枷锁,shackles
日荫,shade
阴沉脸,shaded_face
遮阳手势,shading_eyes
阴影,shadow
乐队礼帽,shako_cap
浅水,shallow_water
共浴|鸳鸯浴,shared_bathing
共享食物|用嘴递食物,shared_food
共用一条围巾,shared_scarf
相合伞,shared_umbrella
鲨鱼,shark
锐利的手指甲,sharp_fingernails
鲨鱼牙|锯齿牙,sharp_teeth
锐利的脚趾甲,sharp_toenails
刨冰,shaved_ice
披巾|披帛,shawl
刀鞘|护套,sheath
戴着护套的|入鞘的,sheathed
羊,sheep
羊耳,sheep_ears
羊女孩,sheep_girl
羊角,sheep_horns
透明的衣服,sheer_clothes
透明的裤袜,sheer_legwear
抓着床单,sheet_grab
乐谱,sheet_music
架子,shelf
贝壳,shell
贝壳比基尼,shell_bikini
弹药匣,shell_casing
柴犬,shiba_inu
绳缚,shibari
着衣绑缚,shibari_over_clothes
纸垂,shide
盾,shield
式神,shikigami
色纸,shikishi
注连绳|七五三绳,shimenawa
胫甲,shin_guards
竹刀,shinai
死后世界战线制服,shinda_sekai_sensen_uniform
二次元女体化梗,shindan_maker
新选组,shinsengumi
光泽,shiny
有光泽的衣服,shiny_clothes
有光泽的 头发,shiny_hair
闪光宝可梦,shiny_pokemon
有光泽的皮肤,shiny_skin
船,ship
衬衫,shirt
拉起掀起卷起衬衫,shirt_lift
拉开衬衫,shirt_pull
脱下衬衫,shirt_removed
衬衫外有其他衣服,shirt_tucked_in
扯住衬衫,shirt_tug
赤膊的(男性),shirtless
用脚趾吊着鞋,shoe_dangle
鞋底,shoe_soles
鞋带,shoelaces
鞋子,shoes
脱下的鞋,shoes_removed
流星,shooting_star
店铺,shop
购物,shopping
购物袋,shopping_bag
岸,shore
短裙,short_dress
豆豆眉|短眉毛,short_eyebrows
短发,short_hair
扎起或卷起一部分长发,short_hair_with_long_locks
短裤腿连体衣,short_jumpsuit
短下摆和服,short_kimono
短领带,short_necktie
内侧穿着长袖外面套着短袖衣服,short_over_long_sleeves
短马尾,short_ponytail
热裤,short_shorts
短袖,short_sleeves
短剑,short_sword
短双尾发型,short_twintails
短裤,shorts
褪下短裤,shorts_pull
短裙里穿着短裤,shorts_under_skirt
霰弹枪,shotgun
将棋,shougi
障子,shouji
少女祈祷中,shoujo_kitou-chuu
肩甲,shoulder_armor
挎包|单肩背包,shoulder_bag
肩胛骨,shoulder_blades
肩扛,shoulder_carry
露肩装,shoulder_cutout
肩带式枪套,shoulder_holster
垫肩,shoulder_pads
肩部纹身,shoulder_tattoo
喊叫,shouting
铲子,shovel
淋浴喷头,shower_head
淋浴,showering
展会女郎装束,showgirl_skirt
虾,shrimp
神社,shrine
只包肩的女式上衣,shrug_(clothing)
手里剑,shuriken
嘘(手势),shushing
秀知院学园制服,shuuchiin_academy_uniform
秀尽学院制服,shuujin_academy_uniform
害羞的,shy
兄弟姐妹,siblings
病,sick
镰刀,sickle
人物并排,side-by-side
侧边系带比基尼,side-tie_bikini
侧边系带连身衣,side-tie_leotard
侧边系带内裤,side-tie_panties
披在一侧的单条辫子,side_braid
披在两侧的两条辫子,side_braids
披在两侧的发髻,side_bun
侧边开口的服饰,side_cutout
侧马尾,side_ponytail
侧面有缝的服饰,side_slit
侧乳,sideboob
(男子的)鬓角,sideburns
侧面没有布料的服饰,sideless_outfit
披在耳前的发绺,sidelocks
侧坐在鞍上,sidesaddle
轻轻向侧面瞥,sideways_glance
帽舌划到侧面,sideways_hat
把嘴画在侧脸,sideways_mouth
画出叹气的标记,sigh
写上去的字,sign
签名,signature
默剧漫画,silent_comic
轮廓,silhouette
蛛网|虫茧,silk
银色的眼睛,silver_eyes
银发,silver_hair
银色镶边,silver_trim
朴素的背景,simple_background
简体字,simplified_chinese_text
唱歌,singing
露出单边肩膀,single_bare_shoulder
一只脚没穿靴子,single_boot
单股辫,single_braid
单边没脱掉的袖子,single_detached_sleeve
只一边戴着耳环,single_earring
单手戴着过肘的手套,single_elbow_glove
单手穿着护臂,single_gauntlet
单手穿着手套,single_glove
单侧进气口发型,single_hair_intake
单侧头上有翅膀,single_head_wing
单侧长着角,single_horn
单边穿着过膝服饰,single_kneehigh
单边穿着连裤袜,single_leg_pantyhose
单边长裤,single_pantsleg
一只脚没穿鞋子,single_shoe
单边没有袖管,single_sleeve
单边穿着长袜,single_sock
单边有肩带,single_strap
只有一条腿有穿着,single_thighhigh
露出单边服饰上的垂直条纹,single_vertical_stripe
单翼,single_wing
水槽,sink
姐妹,sisters
坐,sitting
坐在床上,sitting_on_bed
坐在课桌上,sitting_on_desk
颜面骑乘|阴部贴着脸,sitting_on_face
坐在大腿上,sitting_on_lap
坐在人身上,sitting_on_person
十六分音符,sixteenth_note
体格差,size_difference
滑板,skateboard
溜冰鞋,skates
骨架,skeleton
素描,sketch
素描本,sketchbook
签子,skewer
被皮肤包着的角,skin-covered_horns
把嘴的一部分画成虎牙状,skin_fang
衣服很紧显露出身体曲线或肢体特征,skin_tight
皮肤的凹陷,skindentation
很瘦的身材,skinny
短裙,skirt
一条腿上挂着短裙,skirt_around_one_leg
指掀起裙子时形成的篮子形状,skirt_basket
被掀起裙子(含突发情况意义),skirt_flip
优雅地提着裙子,skirt_hold
将裙子掀上去,skirt_lift
拉开裙子,skirt_pull
脱下的短裙,skirt_removed
与上衣搭配的短裙|特制的裙子套装,skirt_set
正装短裙,skirt_suit
扯住裙摆|按住裙摆,skirt_tug
骷髅,skull
头骨和交叉的骨头,skull_and_crossbones
骷髅耳环,skull_earrings
骷髅发饰,skull_hair_ornament
骷髅项链,skull_necklace
骷髅印花,skull_print
天空,sky
天际线,skyline
摩天大楼,skyscraper
掌印,slap_mark
掌掴,slapping
砍,slashing
奴隶,slave
睡奸,sleep_molestation
睡觉,sleeping
(不躺着)睡觉|直立睡觉,sleeping_upright
睡衣,sleepwear
犯困的,sleepy
袖口,sleeve_cuffs
无袖,sleeveless
无袖连衣裙,sleeveless_dress
无袖连帽衫,sleeveless_hoodie
无袖夹克,sleeveless_jacket
无袖和服,sleeveless_kimono
无袖衬衫,sleeveless_shirt
无袖高领毛衣,sleeveless_turtleneck
叠起来的袖子,sleeves_folded_up
袖子长过手指,sleeves_past_fingers
袖子长过手腕,sleeves_past_wrists
袖子往上拉起,sleeves_pushed_up
卷起的袖子,sleeves_rolled_up
移动门,sliding_doors
修长的腿,slim_legs
史莱姆,slime
史莱姆娘,slime_girl
枪支的吊带,sling
弹弓泳衣|吊带泳衣|V字泳衣,slingshot_swimsuit
拖鞋,slippers
猫瞳,slit_pupils
贫乳|娇小的乳房,small_breasts
娇小的乳头,small_nipples
智能手机,smartphone
有气味的,smell
闻,smelling
微笑|笑容,smile
笑脸,smiley_face
傻笑|得意的笑,smirk
烟,smoke
烟囱,smokestack
吸烟,smoking
枪口冒烟,smoking_gun
得意脸,smug
小吃|零食,snack
蜗牛,snail
蛇,snake
蛇发,snake_hair
蛇形发饰|蛙头发饰,snake_hair_ornament
蛇尾,snake_tail
运动鞋,sneakers
打喷嚏,sneezing
狙击步枪,sniper_rifle
潜水设备的通气管,snorkel
鼻涕,snot
动物口鼻部,snout
雪|雪原,snow
雪兔,snow_bunny
雪球,snowball
雪花发饰,snowflake_hair_ornament
雪花印花,snowflake_print
雪花,snowflakes
下雪,snowing
雪人,snowman
泡脚,soaking_feet
肥皂,soap
泡泡,soap_bubbles
肥皂泡马赛克,soap_censor
足球运动,soccer
足球,soccer_ball
足球服,soccer_uniform
袜子吊袜带,sock_garters
拉着袜子,sock_pull
袜子,socks
脱袜子,socks_removed
汽水,soda
汽水瓶,soda_bottle
汽水罐,soda_can
当世袖,sode
士兵,soldier
脚底,soles
实心圆眼睛,solid_circle_eyes
实心椭圆眼睛,solid_oval_eyes
单独人物,solo
以单独人物为焦点,solo_focus
歌名,song_name
大空卷轴,sorcerer's_sutra_scroll
灵魂之石,soul_gem
拟声词,sound_effects
汤,soup
苏联,soviet
宇宙,space
宇宙船,space_craft
宇航服,spacesuit
黑桃,spade_(shape)
意大利面,spaghetti
细肩带|细吊带|肩带式,spaghetti_strap
弹性纤维(衣物面料),spandex
被拍打过的屁股,spanked
打屁股,spanking
菱形或星形的闪光,sparkle
闪着星光的背景,sparkle_background
星星眼,sparkling_eyes
火星子,sparks
麻雀,sparrow
铲(厨具),spatula
护肩,spaulders
发言者,speaker
矛,spear
神枪朗基努斯,spear_the_gungnir
雪中打伞的恋人梗,special_feeling_(meme)
对话框|会话气泡,speech_bubble
速度线,speed_lines
魔咒卡,spell_card
法球|水晶球,sphere
蜘蛛,spider
蜘蛛娘,spider_girl
彼岸花,spider_lily
蜘蛛网,spider_web
蛛网印花,spider_web_print
带钉手镯,spiked_bracelet
狼牙棒,spiked_club
带钉项圈,spiked_collar
刺刺的头发,spiked_hair
带刺的龟壳,spiked_shell
带刺的尾巴,spiked_tail
尖刺|带钉的,spikes
液体从容器中漫出来,spill
从容器中倒出液体的动作,spilling
脊柱,spine
有中心的旋转,spinning
漩涡眼,spiral_eyes
还魂|伴灵|精神体,spirit
惊讶或无语到喷了,spit_take
女性的嘴和下半身被夹攻的体位,spitroast
从嘴里吐出液体的动作,spitting
飞溅,splashing
水球小绿(喷射战士),splattershot_(splatoon)
分开,split
尾部散开的单马尾发型,split_ponytail
分屏,split_screen
表发怒的会话气泡,spoken_anger_vein
表脸红害羞的会话气泡,spoken_blush
会话气泡里带省略号,spoken_ellipsis
会话气泡里带感叹号,spoken_exclamation_mark
会话气泡里带爱心,spoken_heart
会话气泡里出现"!?",spoken_interrobang
表哼歌的会话气泡,spoken_musical_note
会话气泡里出现指代物,spoken_object
表疑惑的会话气泡,spoken_question_mark
表不满和发牢骚的会话气泡,spoken_squiggle
表(流汗)无语的会话气泡,spoken_sweatdrop
海绵|搓澡棉,sponge
汤勺,spoon
嘴里含着勺子,spoon_in_mouth
运动比基尼,sports_bikini
运动内衣,sports_bra
运动服,sportswear
在黑白的画中特意少量使用一些颜色,spot_color
聚光灯,spotlight
掰开肛门,spread_anus
伸展双臂,spread_arms
摊开屁股,spread_ass
张开手指,spread_fingers
张开腿|M字张腿|桃色蹲姿|V字张腿,spread_legs
掰开阴部|掰穴|掰开的阴部,spread_pussy
隔着衣物掰穴,spread_pussy_under_clothes
张开脚趾,spread_toes
调教用的撑杆,spreader_bar
春季,spring_(season)
大葱,spring_onion
方块四格漫画,square_4koma
蹲|工口蹲,squatting
乌贼|鱿鱼,squid
乌贼军团(喷射战士),squidbeak_splatoon
表不满和发牢骚的符号,squiggle
松鼠,squirrel
松鼠耳朵,squirrel_ears
松鼠尾巴,squirrel_tail
圣葛罗莉安娜女学园校徽,st._gloriana's_(emblem)
圣葛罗莉安娜军装,st._gloriana's_military_uniform
圣葛罗莉安娜女学园校服,st._gloriana's_school_uniform
工作人员,staff
工作人员(音乐),staff_(music)
舞台,stage
舞台灯光,stage_lights
污渍,stain
彩色玻璃,stained_glass
台阶,stairs
替身(JOJO),stand_(jojo)
站立的,standing
站在水上或液体上,standing_on_liquid
单腿站立,standing_on_one_leg
站立后入,standing_sex
站立劈叉|站立高抬腿,standing_split
星星眼,star-shaped_pupils
星星(天空中的),star_(sky)
星形,star_(symbol)
星形项圈,star_choker
星形耳环,star_earrings
星之守护者(英雄联盟),star_guardian_(league_of_legends)
星形发饰,star_hair_ornament
星星眼,star_in_eye
星形项链,star_necklace
六芒星,star_of_david
星形乳贴,star_pasties
星形图案|星形印花,star_print
海星,starfish
凝视|盯,staring
星光学园制服,starlight_academy_uniform
星空背景,starry_background
星空,starry_sky
星空印花,starry_sky_print
宝可梦御三家,starter_pokemon
三只宝可梦御三家,starter_pokemon_trio
用装置强行固定人体,stationary_restraints
属性栏|状态表,stats
雕像,statue
隐奸,stealth_sex
蒸汽,steam
蒸汽马赛克|雾气马赛克,steam_censor
发情,steaming_body
蒸汽朋克,steampunk
指尖抵着指间,steepled_fingers
方向盘,steering_wheel
踩着,stepped_on
听诊器,stethoscope
木条|木棍样式的东西,stick
海报,stick_poster
贴纸,sticker
女侍从的制服,stile_uniform
细跟高跟鞋,stiletto_heels
马镫袜,stirrup_legwear
缝合的缝线,stitches
小腹,stomach
鼓起的小腹,stomach_bulge
腹部纹身,stomach_tattoo
石头,stone
石灯笼,stone_lantern
凳子,stool
店面,storefront
灶台,stove
跨坐,straddling
直发,straight_hair
拘束服,straitjacket
绞首,strangling
大件物品的吊带,strap
戴着假阴茎,strap-on
勒在乳房之间的带子,strap_between_breasts
泛指覆盖面少的吊带胸罩,strap_gap
往上掰衣物的吊带,strap_lift
衣物吊带滑落(导致走光),strap_slip
无肩带款式,strapless
无肩带比基尼,strapless_bikini
无肩带胸罩,strapless_bra
无肩带连衣裙,strapless_dress
无肩带连身衣,strapless_leotard
带束带的高跟鞋,strappy_heels
草帽,straw_hat
草莓,strawberry
草莓发饰,strawberry_hair_ornament
草莓内裤,strawberry_panties
草莓印花,strawberry_print
草莓蛋糕|镶草莓的糕点,strawberry_shortcake
沾着阴毛|掉落的阴毛,stray_pubic_hair
有其他颜色条纹的头发,streaked_hair
流动的,stream
流泪,streaming_tears
街道,street
做伸展运动|伸懒腰,stretch
强袭兵装,striker_unit
绳子,string
系绳比基尼,string_bikini
命运的红线,string_of_fate
彩旗串,string_of_flags
系绳内裤,string_panties
条纹样式的,striped
条纹背景,striped_background
条纹比基尼,striped_bikini
条纹蝴蝶结,striped_bow
条纹胸罩,striped_bra
条纹连衣裙,striped_dress
条纹手套,striped_gloves
条纹连帽衫,striped_hoodie
条纹和服,striped_kimono
条纹裤袜,striped_legwear
条纹领子,striped_neckwear
条纹内裤,striped_panties
条纹裤,striped_pants
条纹缎带,striped_ribbon
条纹围巾,striped_scarf
条纹衬衫,striped_shirt
条纹短裤,striped_shorts
条纹裙,striped_skirt
条纹袖子,striped_sleeves
条纹毛衣,striped_sweater
条纹泳衣,striped_swimsuit
条纹尾巴,striped_tail
钢管舞用的钢管,stripper_pole
胡茬,stubble
壁尻,stuck
耳钉,stud_earrings
镶钉皮带,studded_belt
毛绒玩具,stuffed_animal
兔子玩偶,stuffed_bunny
填料布偶玩具,stuffed_toy
画风模仿,style_parody
数绘笔,stylus
冲锋枪,submachine_gun
被淹没的,submerged
带字幕的,subtitled
魅魔,succubus
触手吸盘,suction_cups
方糖,sugar_cube
暗示性的白色液体,suggestive_fluid
西装,suit
西装外套,suit_jacket
手提箱,suitcase
白泽球,sukusuku_hakutaku
夏天,summer
夏祭,summer_festival
太阳,sun
太阳帽,sun_hat
阳光,sunbeam
日出时突现的光照,sunburst
圣代,sundae
太阳裙|背心裙,sundress
向日葵,sunflower
向日葵发饰,sunflower_hair_ornament
墨镜,sunglasses
阳光,sunlight
日出,sunrise
防晒霜,sunscreen
日落,sunset
库巴大王梗,super_crown
超级机器人,super_robot
超级赛亚人,super_saiyan
超级水枪,super_soaker
超级英雄,superhero
消音器,suppressor
苏尔外套,surcoat
冲浪板,surfboard
医用口罩,surgical_mask
惊喜之吻|意外之吻,surprise_kiss
惊讶,surprised
怪诞的|超现实主义,surreal
调查兵团徽章,survey_corps_(emblem)
寿司,sushi
火车便当式体位,suspended_congress
吊带短裤,suspender_shorts
吊带裙|挂肩宽阔外长裤,suspender_skirt
背带,suspenders
悬吊绑缚,suspension
万字符,swastika
汗水,sweat
吸汗带,sweatband
汗珠,sweatdrop
毛衣,sweater
束在腰上的毛衣,sweater_around_waist
毛衣连衣裙,sweater_dress
毛衣背心,sweater_vest
大汗淋漓,sweating_profusely
长袖运动卫衣,sweatshirt
甘薯,sweet_potato
糖果,sweets
扫把状刘海,swept_bangs
泳裤,swim_briefs
泳帽,swim_cap
泳裤,swim_trunks
游泳,swimming
泳装,swimsuit
把泳衣的裆部挪到一边,swimsuit_aside
常夏的泳衣(fgo学妹灵衣),swimsuit_of_perpetual_summer
扯下泳衣,swimsuit_pull
里面穿着泳衣,swimsuit_under_clothes
泳衣,swimwear
摆动,swing
漩涡棒棒糖,swirl_lollipop
剑,sword
绯想之剑,sword_of_hisou
靠在肩上的剑,sword_over_shoulder
符号形瞳孔,symbol-shaped_pupils
眼睛里有符号,symbol_in_eye
胸部贴着胸部,symmetrical_docking
左右对称,symmetry
注射器,syringe
T恤,t-shirt
搭肩衫,tabard
足袋,tabi
桌子,table
台布,tablecloth
平板电脑,tablet_pc
立绘,tachi-e
尾巴,tail
尾巴系着铃铛,tail_bell
尾巴蜷到两腿之间,tail_between_legs
尾巴系着蝴蝶结,tail_bow
尾巴遮住三点|用尾巴打码,tail_censor
抓着尾巴,tail_grab
抱着尾巴,tail_hug
尾巴系着缎带,tail_ribbon
摇尾巴,tail_wagging
燕尾服,tailcoat
鲷鱼烧,taiyaki
选哪个好呢,take_your_pick
拍照|自拍,taking_picture
章鱼烧,takoyaki
画符,talisman
有台词的,talking
打电话,talking_on_phone
计数|画正字,tally
鸟爪,talons
苏格兰平顶帽,tam_o'_shanter
手鼓,tambourine
小麦色(皮肤),tan
棕褐色背景,tan_background
七夕,tanabata
唐装,tangzhuang
坦克,tank
无袖紧身背心,tank_top
坦基尼,tankini
短刀,tantou
狸,tanuki
长条诗笺,tanzaku
胶布,tape
嘴里贴着胶布并被绑起来,tape_gag
貘尾,tapir_tail
无辜的眼神|眼神柔弱,tareme
塔罗牌,tarot
流苏,tassel
襷,tasuki
榻榻米,tatami
乌纱,tate_eboshi
纹身,tattoo
绷紧的衣服,taut_clothes
绷紧的连衣裙,taut_dress
绷紧的衬衫,taut_shirt
茶,tea
茶具,tea_set
教师,teacher
茶杯,teacup
⑨之组,team_9
火箭队,team_rocket
团队合作|多名女性服侍,teamwork
茶壶,teapot
泪珠,teardrop
撕破衣服,tearing_clothes
要哭的表情,tearing_up
眼泪,tears
戏弄,teasing
泰迪熊,teddy_bear
青少年|青少年化,teenage
牙齿,teeth
来自tegaki博客,tegaki
念力,telekinesis
弱电柱|通信电塔,telephone_pole
望远镜,telescope
电视,television
泰事达牌足球,telstar
天妇罗,tempura
天狗,tengu
天狗木屐,tengu-geta
天狗面具,tengu_mask
网球,tennis_ball
网球拍,tennis_racket
网球衫,tennis_uniform
帐篷,tent
触手头发,tentacle_hair
触手奸,tentacle_sex
触手,tentacles
触手伸进衣服里,tentacles_under_clothes
晴天娃娃,teruterubouzu
EVA驾驶服试作款,test_plugsuit
试管,test_tube
睾丸,testicles
文字元素,text_focus
纯文字的图,text_only_page
泰文,thai_text
感谢绘,thank_you
趴在地上并翘起脚,the_pose
盗窃,theft
突出主题,themed_object
体温计,thermometer
魔法瓶,thermos
之后干了个爽,they_had_lots_of_sex_afterwards
浓眉,thick_eyebrows
肉腿,thick_thighs
高帮靴,thigh_boots
大腿之间(绝对领域),thigh_gap
抓着大腿,thigh_grab
腿上系着带子或工具包或枪套,thigh_holster
腿上绑着工具包,thigh_pouch
大腿系着缎带,thigh_ribbon
素股|腿夹,thigh_sex
大腿缠着带子,thigh_strap
有腿环的裤袜,thighband_pantyhose
含过膝袜和裤袜,thighhighs
拉着长袜|拉着过膝袜|拉着裤袜,thighhighs_pull
长袜、过膝袜等外面再穿着靴子,thighhighs_under_boots
大腿,thighlet
大腿,thighs
思考,thinking
第三只眼,third_eye
丁字内裤,thong
丁字式比基尼,thong_bikini
丁字式连身衣,thong_leotard
荆棘,thorns
体现内心想法的会话气泡,thought_bubble
线(物体),thread
立体机动装置,three-dimensional_maneuver_gear
3P,threesome
宝座,throne
隔着衣物爱抚,through_clothes
壁尻,through_wall
推进器,thrusters
拇指指环,thumb_ring
竖大拇指,thumbs_up
皇冠头饰,tiara
挠痒痒,tickling
领带夹,tie_clip
扎好的头发,tied_hair
把衣服(衣角和下摆)打结,tied_shirt
捆绑,tied_up
分层托盘架,tiered_tray
老虎,tiger
虎耳,tiger_ears
虎纹,tiger_print
虎尾,tiger_tail
衣物紧紧的,tight
紧身裤,tight_pants
瓷砖,tiles
歪着的头饰,tilted_headwear
不在同时间线的角色,time_paradox
时间戳,timestamp
有色眼镜,tinted_eyewear
踮起脚尖,tiptoes
轮胎,tire
纸巾|手帕,tissue
纸巾盒,tissue_box
标题,title
模仿标题风格,title_parody
烤吐司,toast
叼着面包,toast_in_mouth
趾尖|脚尖,toe-point
蜷着脚趾,toe_scrunch
露趾靴,toeless_boots
露趾裤袜,toeless_legwear
指甲油,toenail_polish
脚趾甲,toenails
脚趾,toes
厕所|坐便器,toilet
厕纸,toilet_paper
上厕所,toilet_use
头襟|兜巾,tokin_hat
时定高校校服,tokisadame_school_uniform
常盘台中学校服,tokiwadai_school_uniform
清酒瓶,tokkuri
番茄,tomato
假小子,tomboy
墓碑,tombstone
巴纹,tomoe_(symbol)
友枝小学校服,tomoeda_elementary_school_uniform
健壮的,toned
健美男,toned_male
东方棍,tonfa
舌头,tongue
吐舌头,tongue_out
打舌钉,tongue_piercing
太多了,too_many
工具,tools
牙,tooth
牙刷,toothbrush
脸朝下屁股朝上,top-down_bottom-up
礼帽,top_hat
赤裸上身,topless
火炬,torch
鸟居,torii
破损的紧身衣,torn_bodysuit
破损的衣服,torn_clothes
破损的手套,torn_gloves
破损的牛仔裤,torn_jeans
破损的裤袜,torn_legwear
破损的连身衣,torn_leotard
破损的内裤,torn_panties
破损的裤子,torn_pants
破损的围巾,torn_scarf
破损的衬衫,torn_shirt
破损的短裤,torn_shorts
破损的袖子,torn_sleeves
破损的泳衣,torn_swimsuit
淫荡的表情,torogao
鱼雷,torpedo
抓着躯干,torso_grab
拷问,torture
毛巾,towel
披着毛巾的脖子,towel_around_neck
塔,tower
小镇,town
玩具,toy
运动夹克,track_jacket
运动裤,track_pants
运动服,track_suit
集换卡片,trading_card
繁体字,traditional_chinese_text
传统服装|民族服装,traditional_clothes
纯手绘,traditional_media
路障,traffic_cone
信号灯,traffic_light
列车|电车,train
列车内部|电车内部,train_interior
车站,train_station
运动内衣,training_bra
训练兵团徽章,training_corps_(emblem)
角色特征有关联,trait_connection
变形|变型,transformation
透明的,transparent
透明背景,transparent_background
透明雨伞,transparent_umbrella
垃圾桶,trash_can
托盘,tray
宝箱,treasure_chest
高音符号,treble_clef
树,tree
树枝,tree_branch
树荫,tree_shade
树桩,tree_stump
一种女性展示臀部的姿势,trefoil
颤抖,trembling
长摆风衣,trench_coat
绺发发带,tress_ribbon
有三股辫子,tri_tails
道馆馆主,trial_captain
三角形,triangle
三角嘴,triangle_mouth
三角头巾,triangular_headpiece
磨豆腐,tribadism
部落,tribal
不给糖就捣蛋,trick_or_treat
紫绿相间的胶衣比基尼,trick_or_treatment
三叉戟,trident
三角神力,triforce
手指没放在扳机上,trigger_discipline
八卦,trigram
三穴插入,triple_penetration
被绊倒,tripping
嚣张脸,troll_face
恶搞行为,trolling
热带饮料|热带风情鸡尾酒,tropical_drink
小洋号,trumpet
真相吐槽,truth
时空管理局军服,tsab_ground_military_uniform
傲娇,tsundere
吊梢眼,tsurime
管子,tube
直筒式抹胸,tubetop
郁金香,tulip
束腰外衣,tunic
穆斯林头巾,turban
脸色苍白,turn_pale
前后身对比图,turnaround
舰炮,turret
龟,turtle
高领服饰,turtleneck
高领毛衣,turtleneck_sweater
象牙,tusks
男式晚间小礼服,tuxedo
黄昏,twilight
两条辫子,twin_braids
双钻头发型,twin_drills
双胞胎调情|双胞胎乱伦,twincest
双胞胎,twins
双马尾,twintails
躯干夸张地扭曲,twisted_torso
抽搐,twitching
推特用户名,twitter_username
用双脚腿交,two-footed_footjob
用双手,two-handed
用双手手交,two-handed_handjob
双层样式的服饰画法,two-sided_fabric
双色调背景,two-tone_background
双色头发,two-tone_hair
双色发带,two-tone_hairband
双色皮肤,two-tone_skin
小型双股辫,two_side_up
有两条尾巴,two_tails
打结(动作),tying
扎头发,tying_hair
印刷错误,typo
雄英高中校服,u.a._school_uniform
u_u,u_u
白无垢|日式嫁衣,uchikake
团扇,uchiwa
不明飞行物,ufo
丑男,ugly_man
超级怪兽,ultra_beast
雨伞,umbrella
左右乳房动态不一,unaligned_breasts
解开纽扣后,unbuttoned
解开纽扣的衬衫,unbuttoned_shirt
无修正,uncensored
失神,unconscious
无上框眼镜,under-rim_eyewear
盖着被子的,under_covers
钻进被炉的,under_kotatsu
在桌子下面,under_table
下乳|南半球,underboob
衣服有下半乳开口,underboob_cutout
勒着下胸围的衣服,underbust
帽盔式发型,undercut
汗衫,undershirt
尺寸过小的衣服,undersized_clothes
水下,underwater
内衣,underwear
只穿着内衣,underwear_only
解开领带,undone_necktie
脱衣,undressing
大小眼,uneven_eyes
两股辫子大小不一,uneven_twintails
独角兽,unicorn
制服,uniform
米字旗,union_jack
弹力紧身衣,unitard
连续重复的花纹,unmoving_pattern
拔出鞘的,unsheathing
解开的衣物|没穿好的衣物,untied
解开的比基尼,untied_bikini
解开的衬衫,untucked_shirt
解开的,untying
拉开拉链的,unzipped
拉开拉链(动作),unzipping
头发往上蜷的发型,updo
上半身,upper_body
露出上排牙齿,upper_teeth
对坐体位,upright_straddle
从衬衫下方瞥,upshirt
从裙底瞥,upshorts
倒挂的,upside-down
从人的下方往上瞥,upskirt
浦之星女学院校服,uranohoshi_school_uniform
尿道,urethra
尿道插入,urethral_insertion
用过的避孕套,used_condom
用过的纸巾,used_tissue
俄罗斯冬帽,ushanka
子宫,uterus
战术皮带,utility_belt
小舌头|口盖垂|悬雍垂,uvula
室内鞋,uwabaki
比V|剪刀手,v
v字领,v-neck
眉毛皱成V形(表高傲或愤怒),v-shaped_eyebrows
拘谨的手势,v_arms
在眼边比剪刀手,v_over_eye
吸尘器,vacuum_cleaner
阴道,vaginal
阴道异物插入,vaginal_object_insertion
情人节,valentine
女武神,valkyrie
下臂护甲,vambraces
吸血鬼,vampire
远景透视画法,vanishing_point
强化服,varia_suit
可变形战机|超时空要塞机体,variable_fighter
(变装、变化、变色、成长)对比图,variations
花瓶,vase
瓦斯塔亚人,vastaya
跳马(器材),vaulting_horse
蔬菜,vegetable
载具的特写,vehicle_focus
面纱,veil
静脉|血管凸起,veins
静脉凸起的阴茎,veiny_penis
自动售货机,vending_machine
♀,venus_symbol
外廊|缘侧,veranda
竖条纹比基尼,vertical-striped_bikini
竖条纹连衣裙,vertical-striped_dress
竖条纹裤袜,vertical-striped_legwear
竖条纹内裤,vertical-striped_panties
竖条纹衬衫,vertical-striped_shirt
竖条纹裙子,vertical-striped_skirt
竖条纹,vertical_stripes
黑皮,very_dark_skin
很长的头发,very_long_hair
很短的头发,very_short_hair
背心,vest
试管,vial
跳蛋,vibrator
大腿贴着跳蛋控制器,vibrator_in_thighhighs
塞着跳蛋且穿着衣服,vibrator_under_clothes
塞着跳蛋且穿着内裤,vibrator_under_panties
电子游戏,video_game
相机取景框,viewfinder
藤曼,vines
小提琴,violin
处男杀手服,virgin_killer_outfit
处男杀手毛衣,virgin_killer_sweater
虚拟Youtuber,virtual_youtuber
被画出来的空气,visible_air
面罩|遮阳帽舌|遮阳板,visor
遮阳帽,visor_cap
视觉小说,visual_novel
V家歌手的头戴设备,vocaloid_append
薄纱|巴里纱,voile
排球,volleyball
排球服,volleyball_uniform
丸吞,vore
弱音(歌手),voyakiloid
偷窥癖,voyeurism
手指比W,w
双臂摆出W,w_arms
和风萝莉,wa_lolita
和风女仆,wa_maid
涉水,wading
充气泳池,wading_pool
日式点心,wagashi
女服务员围裙,waist_apron
系在前腰的蝴蝶结,waist_bow
穿在腰部的小披风,waist_cape
马甲,waistcoat
服务员,waiter
女服务员,waitress
起床,waking_up
日本短剑|介错刀,wakizashi
进错房间|意外进来看到了不该看的,walk-in
走路,walking
在液体上行走,walking_on_liquid
墙,wall
文字背景,wall_of_text
壁咚,wall_slam
钱包,wallet
魔杖,wand
战争,war
穿衣方式错了,wardrobe_error
衣服出了意外(如崩开),wardrobe_malfunction
鸭子坐,wariza
军舰,warship
洗涤,washing
手表,watch
水,water
水瓶,water_bottle
水滴,water_drop
水枪,water_gun
水彩画风,watercolor_(medium)
水彩笔作画,watercolor_pencil_(medium)
船艇,watercraft
瀑布,waterfall
水壶,watering_can
水印,watermark
西瓜,watermelon
西瓜棒,watermelon_bar
双腿交叉站姿,watson_cross
波浪,waves
挥手,waving
挥舞着手臂,waving_arms
卷发,wavy_hair
薯片嘴型,wavy_mouth
武器|兵器,weapon
背上的武器,weapon_on_back
肩上的武器,weapon_over_shoulder
网址,web_address
结婚|婚礼,wedding
左手无名指,wedding_band
婚纱,wedding_dress
结婚戒指,wedding_ring
嵌入(拉裆部衣物所致),wedgie
秤,weighing_scale
人物在意体重,weight_conscious
狼人,werewolf
西部剧,western
湿透的|沾湿的,wet
湿衣服,wet_clothes
湿头发,wet_hair
湿内裤,wet_panties
湿衬衫,wet_shirt
湿泳衣,wet_swimsuit
潜水服,wetsuit
鲸鱼,whale
作者犯病,what
另一条世界线,what_if
车轮,wheel
独轮小推车,wheelbarrow
轮椅,wheelchair
把梗元素藏在图里,when_you_see_it
鞭子,whip
鞭痕,whip_marks
生奶油,whipped_cream
搅拌,whisk
脸颊有胡须状痕迹(如狐妖脸上),whisker_markings
动物胡须|络腮胡,whiskers
讲悄悄话,whispering
口哨,whistle
脖子上挂着口哨,whistle_around_neck
白框眼镜,white-framed_eyewear
白色围裙,white_apron
白色背景,white_background
白色腰带,white_belt
白色比基尼,white_bikini
白色灯笼裤,white_bloomers
白色上衣,white_blouse
白色紧身衣,white_bodysuit
白色边框,white_border
白色蝴蝶结,white_bow
白色胸罩,white_bra
白色女式背心,white_camisole
白色斗篷,white_cape
白色披风,white_capelet
白色开襟衫,white_cardigan
白猫,white_cat
白色项圈,white_choker
白色外套,white_coat
白色领子,white_collar
白色情人节,white_day
白色连衣裙,white_dress
白色的眼睛,white_eyes
白色的花,white_flower
白色鞋类,white_footwear
白手套,white_gloves
白发,white_hair
白色发带,white_hairband
白色头带,white_headband
白色头饰,white_headwear
白色连帽衫,white_hoodie
白色夹克,white_jacket
白色和服,white_kimono
白丝袜,white_legwear
白色连身衣,white_leotard
白色指甲,white_nails
白色领子,white_neckwear
白色轮廓,white_outline
白色内裤,white_panties
白色裤子,white_pants
白色瞳孔,white_pupils
白色丝带,white_ribbon
白玫瑰,white_rose
白色水手领,white_sailor_collar
白色围巾,white_scarf
白色发束,white_scrunchie
白色水手服,white_serafuku
白衬衫,white_shirt
白色短裤,white_shorts
白色的皮肤,white_skin
白色短裙,white_skirt
白色袖子,white_sleeves
白色西装,white_suit
白色毛衣,white_sweater
白色泳衣,white_swimsuit
白色无袖紧身背心,white_tank_top
白色主题,white_theme
白虎(动物),white_tiger
白色毛巾,white_towel
白色背心,white_vest
白色翅膀,white_wings
邪龙之魔女ver新宿1999,wicked_dragon_witch_ver._shinjuku_1999
睁大眼睛,wide-eyed
宽脸化,wide_face
沙漏型身材|安产型,wide_hips
宽马尾,wide_ponytail
广角镜头,wide_shot
宽大的袖子,wide_sleeves
丰盈的大腿,wide_spread_legs
百合夫妇,wife_and_wife
假发,wig
尤指女性刚性交时畏缩的表情,wince
风,wind
风铃,wind_chime
起风效果|上升气流,wind_lift
发条钥匙,winding_key
风车,windmill
窗,window
透过窗户照进来的光,window_shade
套着画框(背景),windowboxed
风向带|鲤鱼旗,windsock
葡萄酒,wine
酒瓶,wine_bottle
红酒杯,wine_glass
燕子领,wing_collar
带翅膀的鞋子,winged_footwear
带翅膀的头盔,winged_helmet
翅膀,wings
冬季,winter
冬装,winter_clothes
擦眼泪,wiping_tears
电线|数据线,wire
紫藤,wisteria
魔女,witch
魔女(魔法少女小圆),witch_(madoka_magica)
女巫帽,witch_hat
法师帽,wizard_hat
狼,wolf
狼耳朵,wolf_ears
狼女孩,wolf_girl
狼尾巴,wolf_tail
木材,wood
木桶,wooden_bucket
木地板,wooden_floor
木剑,wooden_sword
木墙,wooden_wall
第二次世界大战,world_war_ii
花环,wreath
扳手,wrench
摔角(运动),wrestling
摔角服,wrestling_outfit
摔角场,wrestling_ring
拧干衣服,wringing_clothes
和袖子分开的手腕的袖口,wrist_cuffs
抓着手腕,wrist_grab
腕带,wrist_ribbon
束腕,wrist_scrunchie
护腕(布类),wrist_wrap
腕带,wristband
手表,wristwatch
写作,writing
脚部作画错误,wrong_feet
X3,x3
透视,x-ray
X形发饰,x_hair_ornament
X_X,x_x
XD,xd
箭羽纹,yagasuri
山形花车,yamakasa
病娇,yandere
㚻|BL|腐|腐向,yaoi
毛线,yarn
毛线球,yarn_ball
八十神高中校服,yasogami_school_uniform
打哈欠,yawning
狗年,year_of_the_dog
猪年,year_of_the_pig
鼠年,year_of_the_rat
鸡年,year_of_the_rooster
黄框眼镜,yellow-framed_eyewear
黄色围裙,yellow_apron
黄色背景,yellow_background
黄色比基尼,yellow_bikini
黄色紧身衣,yellow_bodysuit
黄色的蝴蝶结,yellow_bow
黄色胸罩,yellow_bra
黄色项圈,yellow_choker
黄色连衣裙,yellow_dress
黄色的眼睛,yellow_eyes
黄色的花,yellow_flower
黄色鞋类,yellow_footwear
黄色手套,yellow_gloves
黄色发带,yellow_hairband
黄色头饰,yellow_headwear
黄色夹克,yellow_jacket
黄色和服,yellow_kimono
黄色裤袜,yellow_legwear
黄色连身衣,yellow_leotard
黄色指甲,yellow_nails
黄色领子,yellow_neckwear
黄色内裤,yellow_panties
黄丝带,yellow_ribbon
黄玫瑰,yellow_rose
黄色围巾,yellow_scarf
黄色巩膜,yellow_sclera
黄色发束,yellow_scrunchie
黄色衬衫,yellow_shirt
黄色短裤,yellow_shorts
黄色皮肤,yellow_skin
黄色裙子,yellow_skirt
黄色毛衣,yellow_sweater
黄色主题,yellow_theme
黄色背心,yellow_vest
黄色的翅膀,yellow_wings
对,yes
Yes/No枕头,yes-no_pillow
太极图,yin_yang
侧身坐,yokozuwari
约德尔人,yordle
使用方法错误,you're_doing_it_wrong
要被强奸的flag,you_gonna_get_raped
妖怪,youkai
幼儿化,younger
弽,yugake
浴衣,yukata
油库里(网络表情),yukkuri_shiteitte_ne
茶碗,yunomi
百合,yuri
Z手环,z-ring
褥垫,zabuton
Zero装束,zero_suit
绝对领域,zettai_ryouiki
拉链,zipper
拉链的拉片,zipper_pull_tab
僵尸,zombie
僵尸姿势,zombie_pose
人物立绘缩放(剪影)图层,zoom_layer
日式草鞋,zouri
